Id;Label
1;Beethoven,  Ludwig  van
2;Hill, Ureli Corelli
3;Weber,  Carl  Maria Von
4;Timm, Henry C.
5;Etienne, Denis G.
6;Rossini,  Gioachino
7;Mozart,  Wolfgang  Amadeus
8;Kalliwoda,  Johann  W.
9;Bellini,  Vincenzo
10;Romberg,  Bernhard
11;Alpers, William
12;Hummel,  Johann
13;Not conducted
14;Pacini,  Giovanni
15;Onslow,  George
16;Thalberg,  Sigismond
17;Herz,  Henri
18;Lindpaintner,  Peter  Von
19;Boucher, Alfred
20;Haydn,  Franz  Joseph
21;Loder, George
22;Mendelssohn,  Felix
23;Spohr,  Louis
24;Nini,  Alessandro
25;Donizetti,  Gaetano
26;Herold,  Louis  Joseph Ferdinand [Hérold]
27;Vieuxtemps,  Henri
28;Marschner,  Heinrich  August
29;Wiegers, Louis
30;Bennett,  William  Sterndale
31;Meyerbeer,  Giacomo
32;Ries,  Ferdinand
33;Kreutzer,  Conradin
34;Cherubini,  Luigi
35;Mercadante,  Giuseppe  Saverio
36;Traditional,
37;Heller,  Stephen [István]
38;Mehul [Méhul],  Etienne  Nicolas
39;Loder,  George, Jr.
40;Beriot,  Charles-Auguste  de
41;Reissiger,  Karl  Gottlieb
42;Furstenau,  Anton  Bernhard
43;Berlioz,  Hector
44;Verdi,  Giuseppe
45;Chopin,  Frédéric
46;Bristow,  George  Frederick
47;Hiller,  Ferdinand
48;Eisenhofer,  Franz  Xaver
49;Dussek,  Jan  Ladislav
50;"Macfarren, George Alexander;  Loder, George"
51;Moscheles,  Ignaz
52;Lachner,  Franz
53;Gade,  Niels
54;Jacobi,  Frederick
55;Granz,  Norman
56;Eisfeld, Theodore
57;Schmitz,  Henry
58;Schumann,  Robert
59;Maretzek, Max
60;Costa,  Sir  Michael
61;Nicholson,  Charles
62;Maurer,  Ludwig  Wilhelm
63;Benedict,  Jules
64;Fuchs,  H.
65;Schubert,  Franz
66;David,  Ferdinand
67;Spontini,  Gasparo
68;Heinemeyer,  Ernst  Wilhelm
69;Dancla,  Jean  Charles
70;Wallace,  William  Vincent
71;Litolff,  Henry  Charles
72;Kalkbrenner,  Friedrich [Frédéric]
73;Abt,  Franz
74;Gumbert,  Friedrich  Adolf
75;Paganini,  Nicolò
76;Fesca,  Alexander  (Ernst)
77;Lobe,  Johann  Christian
78;Mason,  William
79;Bordese,  Luigi
80;Parish-Alvars,  Elias
81;Handel,  George  Frideric
82;Lortzing,  Albert
83;Schneider,  Johann  C. Friedrich
84;Baumann,  F.
85;Eisfeld,  Theodore
86;Sainton,  Prosper
87;Schreiber,  Louis
88;Bergmann, Carl
89;Wagner,  Richard
90;Mollenhauer,  Friedrich
91;Gluck,  Christoph  Willibald
92;Dessauer,  Josef
93;Rode,  Jacques  Pierre Joseph
94;Henselt,  Adolf  Von
95;Gottschalk,  Louis  Moreau
96;Schindelmeisser,  Ludwig
97;Ernst,  Heinrich  Wilhelm
98;Rietz,  Julius
99;Goltermann,  Georg  Eduard
100;Servais,  Adrien  Francois
101;Nicolai,  Otto
102;Topliffe,  Robert
103;Liszt,  Franz
104;Arne,  Thomas
105;Napoleon,  Arthur
106;Stigelli,  Giorgio
107;Satter,  Gustave
108;Auber,  Daniel-François
109;Haertel,  A.
110;Kummer,  Friedrich  August
111;Mollenhauer,  Edward
112;Tedesco,  Ignaz  Amadeus
113;Lubeck,  Ernst
114;Saar,  William
115;Lucas,
116;Bristow, George Frederick
117;Shaw,  David  T.
118;Wallace,
119;Hopkins,  Charles  Jerome
120;Otten,  William  F.
121;Mills,  Sebastian  Bach
122;Verzano,
123;Anthem,
124;Stradella,  Alessandro
125;Brahms,  Johannes
126;Goldbeck,  Robert
127;Neukirchner,  Wenzel
128;Lipinsky,  Karl  Joseph
129;Rubinstein,  Anton
130;Clapisson,  Antoine  Louis
131;Bergner,  Frederick
132;Gounod,  Charles
133;Artot,  Alexandre
134;Esser,  Heinrich
135;Evers,  Carl
136;Flotow,  Friedrich  Von
137;Hohnstock,  Carl
138;Ritter,  Frederic  Louis
139;Alard,  Jean  Delphin
140;Palestrina,  Giovanni  Da
141;Bargiel,  Woldemar
142;Prume,  Jehin
143;Wehli,  James  M.
144;Burgmuller,  Norbert
145;Volkmann,  Friedrich  Robert
146;Bruch,  Max
147;Veit,  Wenzel  Heinrich
148;Kinkel,  Johanna
149;Catel,  Charles  Simon
150;Bull,  Ole
151;Bach,  Johann  Sebastian
152;Rizzo,  Giovanni  Battista [Riccio]
153;Raff,  Joachim
154;Goldmark,  Karl
155;Reinecke,  Carl
156;Dachauer,  Louis
157;Heinefetter,  Wilhelm
158;Boieldieu,  François-Adrien
159;Frey,  M.
160;Erdmannsdorfer,  Max  Von
161;Matzka,  George
162;Rubinstein, Anton
163;Grimm,  Julius  Otto
164;Dietrich,  Albert  Hermann
165;Lassen,  Eduard
166;Damrosch,  Leopold
167;Bulow,  Hans  Von
168;"Bergmann, Carl;  Neuendorff, Adolph"
169;Pfeffer,  Walter
170;Metzdorff,  Richard
171;Matzka, George
172;Tchaikovsky,  Pyotr  Ilyich
173;Damrosch, Leopold
174;Schmelz, Reinhard
175;Saint-Saens [Saint-Saëns],  Camille
176;Fuchs,  Robert
177;Bronsart,  Hans  Von
178;Thomas, Theodore
179;Wilhelmj,  August  Daniel Ferdinand
180;Neuendorff, Adolph
181;Svendsen,  Johan
182;Glinka,  Mikhail
183;Grieg,  Edvard
184;Scharwenka,  Franz  Xaver
185;Brull,  Ignaz
186;Kiel,  Friedrich
187;Jommelli,  Niccolò
188;Reinhold,  Hugo
189;Fischer,  Adolf
190;Dvorak,  Antonín
191;Rossi,  Francesco
192;Rheinberger,  Joseph
193;Thiele,  Louis
194;Hamerik,  Asger
195;Unknown,
196;Boise,  O. B.
197;Huber,  Hans
198;Goetz,  Hermann
199;Cowen,  Sir  Frederic  Hymen
200;Lotti,  Antonio
201;Gradener [Grädener],  Hermann
202;Damrosch, Walter
203;"Damrosch, Leopold;  Bruch, Max"
204;Bruch, Max
205;Thomas,  Ambroise
206;Mackenzie,  Alexander  C.
207;Tartini,  Giuseppe
208;Widor,  Charles  Marie
209;Henschel,  Sir  George
210;Stanford,  Sir  Charles  Villiers
211;Molique,  Wilhelm  Bernhard
212;Massenet,  Jules
213;Strauss,  Richard
214;Nicode [Nicodé],  Jean  Louis
215;Draeseke,  Felix
216;Wieniawski,  Henri
217;Krug,  Arnold
218;Bruckner,  Anton
219;Lalo,  Edouard
220;Scholz,  Bernhard  E.
221;Bird,  Arthur
222;Hartmann,
223;Herbert,  Victor
224;Gretry [Grétry],  Andre [André]  Ernest Modeste
225;Franchetti,  Baron  Alberto
226;D'Albert,  Eugen
227;Smetana,  Bedrich
228;Franz,  Robert
229;Reyer,  Ernest
230;Bizet,  Georges
231;Paine,  John  Knowles
232;Lassus,  Orlande  De
233;Moszkowski,  Moritz
234;Burmeister,  Richard
235;Joachim,  Joseph
236;Delibes,  Léo
237;Chaminade,  Cécile
238;Bemberg,  Herman
239;Jensen,  Adolf
240;Tchaikovsky, Pyotr Ilyich
241;"Damrosch, Walter;  Tchaikovsky, Pyotr Ilyich"
242;Schutz,  Heinrich
243;Damrosch,  Walter
244;Paderewski,  Ignace  Jan
245;Seidl, Anton
246;Scharwenka,  Philipp
247;Koch,  Friedrich  E.
248;"Seidl, Anton;  Dvorak, Antonín"
249;Dvorak, Antonín
250;Beach,  Amy
251;Gilson,  Paul
252;Godard,  Benjamin
253;Klughardt,  August
254;Strong,  George  Templeton
255;Parry,  Sir  Charles  Hubert H.
256;Korbray,  Francis  Alexander
257;Boccherini,  Luigi
258;Sinding,  Christian
259;Somervell,  Sir  Arthur
260;Haynes,  Walter  Battison
261;Humperdinck,  Engelbert
262;MacDowell,  Edward  A.
263;Rudorff,  Ernst
264;Foote,  Arthur
265;Martini,  Giovanni  Battista
266;Van Der Stucken, Frank
267;Rameau,  Jean-Philippe
268;Schillings,  Max  Von
269;Chadwick,  George  Whitefield
270;Lamond,  Frederic
271;Elgar,  Sir  Edward
272;Morley,  Thomas
273;Sullivan,  Sir  Arthur  Seymour
274;Henschel, George
275;Strauss,  Josef
276;Wood,  Mary  Knight
277;Leoncavallo,  Ruggero
278;Arditi,  Luigi
279;Schytte,  Ludvig
280;Guilmant,  Alexander
281;Zoellner,  Heinrich
282;Brockway,  Howard
283;Borodin,  Alexander
284;Damrosch, Frank
285;Tosti,  Francesco  Paolo
286;Strauss,  Johann, II
287;Balfe,  Michael  William
288;Novacek,  Ottokar  (Eugen)
289;Wagner,  Siegfried
290;Bimboni, Alberto
291;Glazunov,  Alexander
292;Huss,  Henry  Holden
293;Weingartner,  Felix
294;Dubois,  Theodore
295;Unknown
296;Paur, Emil
297;Nevin,  Ethelbert
298;Charpentier,  Gustave
299;Calvisius,  Sethus
300;Praetorius,  Michael
301;Gruber,  Franz  Xaver
302;Van Der Stucken,  Frank
303;Alsneff,
304;Saar,  Louis  Victor
305;Scarlatti,  Domenico
306;Guiraud,  Ernest
307;Suk,  Josef
308;Cornelius,  Peter
309;Rimsky-Korsakov,  Nikolai
310;Parker,  Horatio
311;Vilbac,  Alphonse Charles Renaud  de
312;Chabrier,  Emmanuel
313;Thome [Thomé],  Francis
314;Bayer,  Joseph
315;Waldteufel,  Emil
316;Czibulka,  Alphons
317;Sousa,  John  Philip
318;Ziehrer,  Carl  Michael
319;Fahrbach,  Philipp
320;Ganne,  Louis
321;Ketterer,  Eugène
322;Musorgsky,  Modest
323;Franck,  César
324;Mascagni,  Pietro
325;Strauss,  Johann, Sr.
326;Jessel,  Leon
327;Soderman [Söderman],  August
328;Tcherepnin,  Nikolai
329;Lacombe,  Louis
330;Gillet,  Ernest
331;Suppe [Suppé],  Franz  Von
332;Schenck,  Elliott
333;Keler-Bela [Kéler-Béla],
334;Oberthur,  Charles
335;Kretschmar,  Edmund
336;Pirani,  Eugenio  di
337;Blon,  Franz  von
338;Burckhardt,  J.
339;Bendel,  Franz
340;Puccini,  Giacomo
341;Nesvadba,  Josef
342;Nessler,  Viktor  Ernst
343;Popp,
344;Johns,  Clayton
345;Gungl [Gung'l],  Joseph
346;Ries,  Franz
347;Westerhout,  Nicola  van
348;Bohm,  Carl
349;Ochs,  Siegfried
350;Kempter,  Lothar
351;Burckhardt, J.
352;Hausegger,  Siegmund  von
353;Hadley,  Henry  Kimball
354;Sibelius,  Jean
355;Bullerjahn, Rudolph
356;Caetani,  Roffredo
357;Pfeiffer,  Georges  Jean
358;Perilhou,  Albert
359;Sapio, Romualdo
360;Hegner,  Anton
361;Thomas,  Arthur  Goring
362;Colonne, Edouard
363;Schumann,  Georg
364;Kogel, Gustav Friedrich
365;Klein,  Bruno  Oscar
366;Bruneau,  Alfred
367;Wood, Henry Joseph
368;Artsibushev,  Nikolai  Vassilievitch
369;Vitols,  Jazeps
370;Lyadov,  Anatoli
371;Sokolov,  Nikolai  Alexandrovich
372;Herbert, Victor
373;Weingartner, Felix
374;Safonoff, Wassily
375;Strauss, Richard
376;Kelley,  Edgar  Stillman
377;Mahler,  Gustav
378;Friml,  Rudolf
379;Improvisation,
380;Lully,  Jean  Baptiste
381;Hofmann,  Josef
382;Debussy,  Claude
383;Ysaye, Eugène
384;D'Albert, Eugen
385;Sarasate,  Pablo  de
386;Chausson,  Ernest
387;Panzner, Karl
388;Roentgen [Röntgen],  Julius
389;Wolf,  Hugo
390;Ysaye,  Eugène
391;Flegier,  Ange
392;David,  Felicien  Cesar
393;Mengelberg, Willem
394;Giordano,  Umberto
395;Fiedler, Max
396;Eckert,  Karl
397;Indy,  Vincent  d'
398;Jongen,  Joseph
399;Loeffler,  Charles  Martin
400;Kunwald, Ernst
401;De Fontenailles,  Henri
402;Wekerlin,  Jean-Baptiste
403;Boellmann,  Leon
404;Steinbach, Fritz
405;Arens, Franz X.
406;Weber-Berlioz,
407;Lindner,  August
408;Demantius,  Christoph
409;Louis XIII,
410;Converse,  Frederick  S.
411;Monsigny,  Pierre  Alexandre
412;German,  Edward
413;German, Edward
414;Reznicek,  Emil  Nikolaus von
415;Lyapunov,  Sergius  Mikhailovich
416;Scriabin,  Alexander
417;Kreisler,  Fritz
418;Metzl,  Vladimir
419;Folk Song,
420;Lvov,  Alexey
421;Schelling,  Ernest
422;Stewart,  Humphrey  J.
423;Reyl, Emil
424;Faure [Fauré],  Gabriel-Urbain
425;Mahler, Gustav
426;Pierne [Pierné],  Gabriel
427;Loewe,  Johann  Carl
428;Wolff,
429;"Claassen, Arthur;  Damrosch, Walter"
430;Glaassen,  A.
431;Wengert,  Jules
432;Pache,  J.
433;Unspecified,
434;Stahlberg,  Fritz
435;Stahlberg, Fritz
436;Purcell,  Henry
437;Quilter,  Roger
438;Ravel,  Maurice
439;Dukas,  Paul
440;Rachmaninoff,  Sergei
441;Victoria,  Tomás  Luis de
442;Arcadelt,  Jacques
443;Sweelinck,  Jan  Pieterszoon
444;Vecchi,  Orazio
445;Gretchaninoff,  Alexander
446;Scudrei,  Salvatore
447;Giordani,  Giuseppe
448;Fiedler,  Max
449;Bull,  John
450;Farnaby,  Giles
451;Busoni,  Ferruccio
452;Durante,  Francesco
453;Schreck,  Gustav
454;Pluddemann,
455;Pfitzner,  Hans
456;Delius,  Frederick
457;Hadley, Henry
458;Stock,  Frederick  A.
459;Kaun,  Hugo
460;Wade,  John  Francis
461;Corner,  Dr.  David  Gregor
462;Redner,  Lewis
463;Enesco,  Georges
464;Wallace,  William
465;Spross,  Charles  Gilbert
466;Cadman,  Charles  Wakefield
467;Sinigaglia,  Leone
468;Martucci,  Giuseppe
469;Bossi,  Marco  Enrico
470;Spiering, Theodore
471;Busoni, Ferruccio B.
472;Kolar,  Victor
473;Stojowski,  Sigismond
474;Tinel,  Edgar
475;Kronold, Hans
476;Stransky, Josef
477;Laucella,  Nicola
478;Stange,  Max
479;Gevaert,  François-Auguste
480;Othegraven,  August  von
481;Schjelderup,  Gerhard
482;Van Der Pals,  Leopold
483;Fibich,  Zdenko
484;Tertius-Noble,  Thomas
485;Broome, Edward
486;Pointer,  John
487;Broome,  Edward
488;Witt,  Friedrich
489;Reger,  Max
490;Harris, Victor
491;Thuille,  Ludwig
492;"Damrosch, Walter;  Harris, Victor;  Chadwick, George Whitefield"
493;Chadwick, George Whitefield
494;Boyle,  George  Frederick
495;Boyle, George Frederick
496;Vivaldi,  Antonio
497;Sgambati,  Giovanni
498;Wolf-Ferrari,  Ermanno
499;Schindler, Kurt
500;Nowowiejski,  Felix
501;Nowowiejski, Felix
502;Duparc,  Henri
503;Hue [Huë],  Georges  Adolphe
504;Ritter,  Alexander
505;Coleridge-Taylor,  Samuel
506;Esposito,  Michele
507;Clay,  Spencer
508;Marshall,  Charles
509;Graener,  Paul
510;Korngold,  Erich
511;Leclair,  Jean  Marie
512;Gernsheim,  Friedrich
513;Viotti,  Giovanni  Battista
514;Caccini,  Giulio
515;Philidor,  Francois-Andre
516;Brown,  Wilson
517;Lie,  Sigurd
518;Glibert,
519;La Forge,  Frank
520;Stransky,  Josef
521;Lange,
522;Schulz,  Leo
523;Schulz, Leo
524;Hughes,  Herbert
525;Elsenheimer, Nicholas
526;VARIOUS,
527;Ambrose,  Paul
528;Manney,  Charles  Fonteyn
529;Rathbone,  George
530;"Stransky, Josef;  Broome, Edward;  Knight, G. H."
531;Gardiner,  Henry  Balfour
532;Alcock,  Gilbert
533;Knight,  G.  H.
534;Fanelli,  Ernest
535;Halevy [Halévy],  Fromental
536;Gilbert,  Henry  F.
537;Humiston,  William  Henry
538;Dalayrac,  Nicolas-Marie
539;Dykes,  John  Bacchus
540;Zandonai,  Riccardo
541;"Damrosch, Walter;  Schindler, Kurt"
542;Harris,  Joel  Chandler
543;Coolidge,  Elizabeth  Sprague
544;Rickett,  Edmond
545;Ingraham,  George
546;Lekeu,  Guillaume
547;Kolar, Victor
548;Bantock,  Granville
549;Jarnefelt [Järnefelt],  Armas
550;Roger-Ducasse,  Jean
551;Ropartz,  Joseph  Guy
552;Demonstration,
553;Noren,  Heinrich  Gottlieb
554;Popper,  David
555;Romberg,  Sigmund
556;Green,  Arthur  N.
557;Costa,  G.
558;Offenbach,  Jacques
559;Rubetz,  A.  T.
560;Grainger,  Percy
561;Roussel,  Albert
562;Stravinsky,  Igor
563;Monteverdi,  Claudio
564;Schmitt,  Florent
565;Sullivan,  Archibald  Beresford
566;Sendrey,  Alfred
567;Bruhns,  Arthur
568;Falck,  Edward
569;Peel,  Graham
570;Kjerulf,  Halfdan
571;Kahn,  Robert
572;Burck,  Henry
573;Burck, Henry
574;Laucella, Nicola
575;Wolff,  Eric
576;Hermann,  Hans
577;Rummel,  Walter  Morse
578;Neidlinger,  William  Harold
579;Wells,  John  Barnes
580;Brewer,  Sir  Alfred  Herbert
581;Carpenter,  John  Alden
582;Hinton,  Arthur
583;Mayseder,  Joseph
584;Mees, Arthur
585;Maryon,  Edward
586;Schoenberg,  Arnold
587;Dargomiszky,  Alexander
588;Aubert,  Louis
589;Barnaby,  Gunn
590;Adam,  Adolphe  Charles
591;Hall, Walter Henry
592;Godowsky,  Leopold
593;Severn,  Edmund
594;Koemmenich, Louis
595;Campbell-Tipton,  Louis
596;Scott,  Cyril
597;Mason,  Daniel  Gregory
598;Bingham,  Seth
599;Kalinnikov,  Vassili
600;Smith,  David  Stanley
601;Smith, David Stanley
602;Kramer,  Alex  Walter
603;Taylor,  Deems
604;Riedel,  Karl  Heinrich
605;Wilbye,  John
606;Battishill,  Jonathan
607;Ponchielli,  Amilcare
608;Ivanovici,  Ion
609;Johnstone,  Maurice
610;Loomis,  Harvey  Worthington
611;Rogers,  Frederic
612;Rogers, Frederic
613;Fletcher,  Percy
614;Ware,  Harriet
615;Cook, Isaac Milton
616;Leroux,  Xavier  Henry Napoleon
617;Granados,  Enrique
618;Rabaud,  Henri
619;Farrow, Miles
620;Zimbalist,  Efrem
621;Hegar,  Friedrich
622;Graff, Otto A.
623;Reinthaler,  Karl
624;Mair,  Franz
625;Elsenheimer,  N.  J.
626;Goldmark,  Rubin
627;Vogrich,  Max  Wilhelm Karl
628;Georges,  Alexandre
629;Otterstrom,  Thorvald
630;Gabrilowitsch, Ossip
631;McCabe,  James  J.
632;Woodman,  Raymond  Huntington
633;Steffe,  William
634;Foster,  Stephen  Collins
635;Pergolesi,  Giovanni  Battista
636;Homer,  Sidney
637;Koechlin,  Charles
638;Stokowski,  Leopold
639;Osgood,  James  R.
640;Bridge,  Frank
641;Hubay,  Jeno
642;Whithorne,  Emerson
643;Bloch,  Ernest
644;Redhead,  Richard
645;Stillman-Kelley,  Edgar
646;Fourdrain,  Félix  Alfred
647;Arensky,  Anton  Stepanovich
648;Mana Zucca,
649;McFadyen,
650;Burleigh,  Henry [Harry]  Thacker
651;Sans Souci,  Gertrude
652;Hill,  Edward  Burlingame
653;Chiaffarelli,  Albert
654;Bloch, Ernest
655;Sowerby,  Leo
656;Dvorsky,  Michel
657;Lisle,  Claude-Joseph  R. De
658;Horsman,  Edward  Imeson, Jr.
659;Vidal,  Paul  Antonin
660;Greef,  Arthur  De
661;Geral,
662;Wilson,  Mortimer
663;Wilson, Mortimer
664;Messager,  Andre [André]  Charles Prosper
665;Ippolitov-Ivanov,  Mikhail
666;Bourk,  Richard  C.
667;De Sabata,  Victor
668;Sweet,  Reginald
669;Boulanger,  Lili
670;Lorenziti,  Bernard
671;Strube,  Gustav
672;Borowski,  Felix
673;Humiston, William H.
674;Casella,  Alfredo
675;Grainger, Percy
676;Mouquet,  Jules
677;Respighi,  Ottorino
678;Powell,  John
679;Ganz,  Rudolph
680;Morris,  Harold
681;Cutler,  Henry  Stephen
682;Benoit,  Peter
683;Varese [Varèse], Edgard
684;Bartok [Bartók],  Béla
685;Dupont,  Gabriel
686;Ornstein,  Leo
687;Bodanzky, Artur
688;Rogers,  Bernard
689;McKinley,  Carl
690;Novak,  Vitezslav
691;Turina,  Joaquin
692;Griffes,  Charles  Tomlinson
693;Hageman,  Richard
694;Lazzari,  Sylvio
695;Steinberg,  Maximilian
696;Merikanto,  Oskar
697;Lieurance,  Thurlow
698;Maxwell,  Elsa
699;Speaks,  Oley
700;Ganz, Rudolph
701;X,  Alfonso
702;Boito,  Arrigo
703;Riesenfeld,  Hugo
704;Riesenfeld, Hugo
705;Pollain, Rene
706;Willeke, Willem
707;Tommasini,  Vincenzo
708;Albeniz [Albéniz],  Isaac
709;Maloof,  A.
710;Sachnowsky,  G.
711;Foch, Dirk
712;Lieber,  Arthur
713;Rothwell, Walter Henry
714;Malipiero,  Gian  Francesco
715;Kekeu,
716;Alfven [Alfvén],  Hugo
717;Gliere [Glière],  Reinhold
718;Coates, Albert
719;Vaughan Williams,  Ralph
720;Labate,  Bruno
721;Yon,  Pietro  Alessandro
722;Parbury,
723;Wagenaar,  Johan
724;Dohnanyi,  Erno  von
725;Corelli,  Arcangelo
726;Webber, Bertram S.
727;"Stransky, Josef;  Hadley, Henry"
728;Gruenberg,  Louis
729;Faccio,  Franco
730;Skilton,  Charles  Sanford
731;Berners,  Lord
732;Karlowicz,  Mieczyslaw
733;Indy, Vincent d'
734;Lalande,  Michel-Richard  De
735;Le Flem,  Paul
736;Holst,  Gustav
737;Williams,  John  Gerard
738;Hoogstraten, Willem van
739;Prokofiev,  Sergei
740;Hammond,  William  G.
741;Goossens,  Eugene
742;Leginska,  Ethel
743;Finn, William
744;Vittoria,  Tomasso
745;Kallinnikof,  Ivanof
746;Waddington,  Samuel  P.
747;Rogers,
748;Stokowski, Leopold
749;Dopper,  Cornelius
750;Diepenbrock,  Alphons
751;Goudoever,  H.D.  van
752;Fricker, Herbert Austin
753;Faning,  Eaton
754;O'Hara,  Geoffrey
755;Mannes, David
756;Scalero,  Rosario
757;Mengelberg,  Willem
758;Watts,  Wintter
759;Dunham,  Henry  M.
760;Hosmer,  Lucius
761;Breil,  Joseph  C.
762;Halvorsen,  Johan
763;Luigini,  Alexandre
764;Dunn,  James  Philip
765;Langley,  Allan  Lincoln
766;Alvarez,
767;Weiner,  Leo
768;Savine,  Alexander
769;Pizzetti,  Ilderbando
770;Bach,  Carl  Philipp Emanuel
771;Fairchild,  Blair
772;Costeley,  Guillaume
773;Moya,  Antoni  Perez
774;Donostia,  Padre  (San Sebastian, P. Jose Antonio ne Zulaica)
775;Romen,  Louis
776;Buck,  Dudley
777;Zeiner, Edward J. A.
778;Walter, Bruno
779;Wetzler,  Hermann  Hans
780;Anrooy,  Peter  G. Van
781;Burgmein,  J.
782;Rebikov,  Vladimir  Ivanovich
783;Schreker,  Franz
784;Toch,  Ernst
785;Saminsky,  Lazare
786;Saminsky, Lazare
787;Pick-Mangiagalli,  Riccardo
788;Kornauth,  Egon
789;Riegger,  Wallingford
790;Kidder,  Max
791;Reiser,  Alois
792;Novick,  Nathan
793;Marcelli,  Nino
794;Bach, J. S. -Gounod,
795;Bridge, Frank
796;Stoessel, Albert
797;Waghalter, Ignatz
798;Dale,  Benjamin  James
799;Falla,  Manuel  de
800;Saboly,  Nicolas
801;Schroeder,  William
802;Schelling, Ernest
803;Geissel,  J.
804;Becket,  Thomas  A.
805;Hanson,  Howard
806;Hanson, Howard
807;Schuecker,  Edmund
808;Bellison,  Simeon
809;Casadesus,  Robert
810;Gallico,  Paolo
811;Andreae,  Volkmar
812;Mengelberg,  Rudolf
813;Stoessel,  Albert
814;Schreiner,  Alexander
815;Golschmann, Vladimir
816;Komzak,  Karl
817;Weismann,  Julius
818;Reiner, Fritz
819;Hellmesberger,  Joseph, Jr.
820;Maganini,  Quinto
821;Volpe, Arnold
822;Honegger,  Arthur
823;Ballantine,  Edward
824;Kibalchich, Basile
825;Luzzi,  Luigi
826;Lvovsky,
827;Furtwangler [Furtwängler], Wilhelm
828;Stravinsky, Igor
829;Leginska, Ethel
830;Copland,  Aaron
831;Bottesini,  Giovanni
832;Bergson,  Michal
833;Ives,  Simon
834;Tcherepnin,  Alexander
835;Bach,  Johann  Christian
836;Braunfels,  Walter
837;Gardner,  Samuel
838;Tailleferre,  Germaine
839;Vaughn, Clifford
840;Ilgenfritz,  McNair
841;Horst,  Louis
842;Mowrey,  Dent
843;Jonas,
844;Valverde,  Joaquin
845;Sokoloff, Nikolai
846;Frey,  Hugo
847;Rieti,  Vittorio
848;Gebhard,  Heinrich
849;Tansman,  Alexandre
850;Poulenc,  Francis
851;Hindemith,  Paul
852;Gershwin,  George
853;Goossens, Eugene
854;Toscanini, Arturo
855;Bax,  Sir  Arnold
856;Vivaldi-Bach,
857;Klemperer, Otto
858;Hasse,  Johann  Adolph
859;Valentini,  Giuseppe
860;Work,  Henry  Clay
861;Krenek,  Ernst
862;Gabriel-Marie,
863;Harling,  William  Franke
864;Drigo,  Riccardo
865;Rehfeld,
866;Harris,  Roy
867;Axt,  William
868;McCoy,  William  J.
869;Stock, Frederick
870;Collins,  Anthony
871;Delamarter,  Eric
872;Low,
873;Shaeffer, Joseph
874;Edelshtadt,
875;Raisin,  A.
876;Shaeffer,  Joseph
877;Ibert,  Jacques
878;Wagenaar,  Bernard
879;Milhaud,  Darius
880;Szymanowski,  Karol
881;Georgesco, Georges
882;Zangius,  Nikolaus
883;Lange, Hans
884;Ives,  Charles
885;Milhaud, Darius
886;Gilmore,  Patrick  Sarsfield
887;Miaskovsky,  Nikolai
888;Taylor, Deems
889;Janacek [Janácek],  Leoš
890;Certon,  Pierre
891;Busch, Fritz
892;Abert,  Johann  Joseph
893;Luther,  Martin
894;Ward,  Samuel  Augustus
895;Boergermann, Peter
896;Sonnett,
897;Tuerck,
898;Sturm-Biel,
899;Curti,
900;Spinelli,  Niccola
901;Monteux, Pierre
902;Ferroud,  Pierre  Octave
903;Mero,  Yolanda
904;Auer, Leopold
905;Busch,  Adolf
906;Teschner,  Melchior
907;Kodaly [Kodály],  Zoltán
908;Brucken Fock,  Gerardus Hubertus Galenus  von
909;Striegler,  Kurt
910;Stearns,  Theodor
911;Kaminski,  Heinrich
912;Low,  Leo
913;Low, Leo
914;Dubensky,  Arkady
915;Dubensky, Arkady
916;Ehrenberg,  Carl  Emil Theodor
917;Nanino,  Giovanni  Maria
918;Darcieux,  Francisque
919;Ebeling,  Johann  Georg
920;Beecham, Thomas
921;Paisiello,  Giovanni
922;Molinari, Bernardino
923;Geminiani,  Francesco
924;Phile,  Philip
925;Rodzinski, Artur
926;Ravel, Maurice
927;Fried, Oscar
928;Fernandez Arbos, Enrique
929;Halffter,  Ernesto
930;Espla [Esplá],  Oscar [Óscar]
931;Langley, Allan Lincoln
932;Johnson, Hall
933;Willis,  Wallis
934;Cimarosa,  Domenico
935;Harris, Graham
936;Lane,  Eastwood
937;Bowers,  Robert  Hood
938;Goublier,
939;Wachs,  Paul
940;Eilenberg,  Richard
941;Strickland,  Lily
942;Stoughton,  Roy  Spaulding
943;Bucharoff [Buchalter],  Simon
944;Cassado [Cassadò],  Gaspar
945;Atterberg,  Kurt
946;Berezowsky,  Nicolai
947;Honegger, Arthur
948;Mouret,  Jean  Joseph
949;Krauss, Clemens
950;Wolfe,  Jacques
951;Willson,  Meredith
952;Balakirev,  Mily  Alekseyevich
953;Coates,  Albert
954;Satie,  Erik
955;Fuleihan,  Anis
956;Bergé,  Irénée
957;Nevin,  Arthur
958;Mendoza, David
959;Gershwin, George
960;Schmidt,  Franz
961;Conus,  Jules
962;Paer,  Ferdinando
963;Sibella,  Gabriele
964;De Lamarter,  Eric
965;Telemann,  Georg  Philipp
966;Clement [Clément],  Charles  Francois [François]
967;Castelnuovo-Tedesco,  Mario
968;Guion,  David  Wendel F.
969;Janssen,  Werner
970;Riegel,  Heinrich  Joseph
971;Weinberger,  Jaromir
972;Reed,  William  Henry
973;Lachau,  Countess  Ada  de
974;Cohen,  Sol  B
975;Grunn,  Homer
976;Nerini,  Emile
977;Bach,  Wilhelm  Friedemann
978;Joslyn,  Henry
979;Maduro,  Charles
980;Ormandy, Eugene
981;Kleiber, Erich
982;Berg,  Alban
983;Stolzel [Stölzel],  Gottfried  Heinrich
984;Lopatnikoff,  Nikolai
985;Byrd,  William
986;Gibbons,  Orlando
987;Scarlatti,  Alessandro
988;Destouches,  Andre  Cardinal
989;Noskowski,  Sigismund
990;Sammartini,  Giovanni  B.
991;Chasins,  Abram
992;Shostakovich,  Dmitri
993;"Hoogstraten, Willem van;  Johnson, Hall"
994;Bland,  James
995;Cella,  Theodore
996;Daly, William Merrigan, Jr.
997;Bennett,  Robert  Russell
998;Lincke,  Paul
999;Hively,  Wells
1000;Stoughton,  Roy
1001;Strauss,  Johann, Jr. & Josef
1002;Eichheim,  Henry
1003;Farley,  Roland
1004;Corby,  Mabelanna
1005;Respighi, Ottorino
1006;Dann, Hollis
1007;Wagenaar, Bernard
1008;"Hoogstraten, Willem van;  Wagenaar, Bernard"
1009;Labate, Bruno
1010;Handy,  William  Christopher
1011;Johnson,  Hall
1012;Tiomkin,  Dimitri
1013;Cella, Theodore
1014;"Coates, Albert;  Cella, Theodore"
1015;Valerius,  Adriaen
1016;Dobroven [Dobrowen], Issay Alexandrovich
1017;Jensen,  Ludwig  Irgens
1018;Moore,  Douglas  Stuart
1019;Nin,  Joaquín
1020;Obradors,  Fernando
1021;Ettinger,  Max
1022;Hopkins,  John  Henry
1023;Shepherd,  Arthur
1024;Harty,  Hamilton
1025;Weprik,  Alexander
1026;Mosolov,  Alexander
1027;James,  Philip
1028;Barzin, Leon
1029;Braine,  Robert
1030;Kindler, Hans
1031;"Lange, Hans;  Johnson, Hall"
1032;Barnett,  David
1033;Padilla,  José
1034;Whiteman, Paul
1035;Green,  John
1036;Redman,  Donald  Matthew
1037;Still,  William  Grant
1038;Grofe [Grofé],  Ferde
1039;Loeb,  John  Jacob
1040;Ellington,  Duke
1041;Humphrey,  Doris
1042;Arlen,  Harold
1043;Iturbi, Jose
1044;Pimsleur,  Solomon
1045;Levenson,  Boris
1046;Rodriguez [Rodríguez],  Arsenio
1047;Bamboschek, Giuseppe
1048;Thompson,  Randall
1049;Manfredini,  Francesco
1050;Piston,  Walter
1051;Sanders,  Robert  L.
1052;Franckenstein,  Clemens  Freiherr von und zu
1053;Chavarri,  Eduardo  Lopez
1054;Chavez [Chávez],  Carlos
1055;Smallens, Alexander
1056;Bennett, Robert Russell
1057;Kern,  Jerome
1058;"Iturbi, Jose;  Bennett, Robert Russell;  Taylor, Deems"
1059;Wiener,  Jean
1060;"Iturbi, Jose;  Ross, Hugh"
1061;Hoffman, Ernst
1062;Janssen, Werner
1063;Egk,  Werner
1064;Gasco,  Alberto
1065;Weill,  Kurt
1066;Stringham,  Edwin  S.
1067;Sacchini,  Antonio
1068;Barlow,  Samuel  Latham Mitchell
1069;Noble,  T.  Tertius
1070;Hrdliczka, Gertrud
1071;Kelley,  Daniel
1072;Barber,  Samuel
1073;Sonzogno,  Giulio  Cesare
1074;"Iturbi, Jose;  Cella, Theodore"
1075;"Smallens, Alexander;  Sciarretti, Alberto"
1076;Palau Boix,  Manuel
1077;Harmati, Sandor
1078;Swift,  Kay
1079;Dowland,  John
1080;Sammartini,  Giuseppe
1081;McBride,  Robert
1082;Stamitz,  Carl
1083;Gossec,  Francois  Joseph
1084;Mozart,  Leopold
1085;Piccinni,  Nicola
1086;Smyth,  Ethel
1087;Walton,  William
1088;Boyce,  William
1089;Butterworth,  George
1090;Knecht,  Justin  Heinrich
1091;Baerman,  Heinrich  Joseph
1092;Ross, Hugh
1093;Pochon,  Alfred
1094;Fiorillo,  Dante
1095;Helfter,  Walter
1096;Diamond,  Walter
1097;Howe,  Mary
1098;Kozeluch,  Leopold  Anton
1099;Zilcher,  Hermann
1100;Ruggles,  Carl
1101;Martinu [Martinů],  Bohuslav
1102;Luening,  Otto
1103;Spalding,  Albert
1104;White,  Paul
1105;Andre [André] ,  José
1106;Curran,  Pearl
1107;Del Riego,  Theresa  Clotilde
1108;Kerby, Paul
1109;Kerby,  Paul
1110;Espejo,  Cesar
1111;"Smallens, Alexander;  Sciaretti, Alberto"
1112;White, Paul
1113;Barbirolli , John
1114;Rosenmuller,  Johannes
1115;Porter,  Quincy
1116;Stamitz,  Johann  Wenzel Anton
1117;Dittersdorf,  Karl  Von
1118;Forsyth,  Cecil
1119;Barbirolli,  John
1120;Binet,  Jean
1121;Enesco, Georges
1122;Jora,  Mihail
1123;Otesco,  Nonna
1124;Gabrieli,  Giovanni
1125;Nordoff,  Paul
1126;Mihalovici,  Marcel
1127;Chavez [Chávez], Carlos
1128;Denza,  Luigi
1129;Blanchet,  Emile  R.
1130;Stringfield,  Lamar
1131;Bellison, Simeon
1132;Tournier,  Marcel
1133;Glantz,  Harry
1134;Gargiulo,
1135;McDonald,  Harl
1136;"Golschmann, Vladimir;  Camilieri, Lorenzo"
1137;Camilieri, Lorenzo
1138;Infante,  Manuel
1139;Fuerst, Eugene
1140;Fuerst,  Eugene
1141;Cryer, Jon
1142;"Reiner, Fritz;  Cella, Theodore"
1143;Raudenbush, George King
1144;Dinicu,  Grigoras
1145;"Smallens, Alexander;  Grofe, Ferde"
1146;Grofe, Ferde
1147;Vitali,  Giovanni  Battista
1148;Adler, F. Charles
1149;Farwell,  Arthur
1150;Kerr,  Harrison
1151;Zachow,  Friedrich  Wilhelm
1152;Johnson,  Horace
1153;Josten,  Werner
1154;Read,  Gardner
1155;Gomes,  Antonio  Carlos
1156;Achron,  Isidor
1157;Daniels,  Mabel  Wheeler
1158;Koussevitzky,  Serge
1159;Gibilaro,  Alfonso
1160;Kremser,  Eduard
1161;Camilieri,  Lorenzo
1162;Alessandresco,  Alfred
1163;Piastro, Mishel
1164;Golestan,  Stan
1165;Rogalski,  Theodor
1166;Andrico,  Michel  G.
1167;Bell,  William  Henry
1168;Porter, Quincy
1169;"Barbirolli , John;  Porter, Quincy"
1170;Ireland,  John
1171;Gilardi,  Girado
1172;Fitelberg,  Jerzy
1173;Blose,  Johann  M
1174;"Smallens, Alexander;  Blose, Johann M"
1175;Biber,  Heinrich  Von
1176;Marrow, Macklin
1177;"Smallens, Alexander;  Reich, Martin"
1178;Freccia, Massimo
1179;Rossellini,  Renzo
1180;Rosenthal,  Moritz
1181;Brico, Antonia
1182;Schafer,  Dirk
1183;Plotnikoff, Eugene
1184;Gutman,  Arthur  H
1185;Gutman, Arthur H
1186;Gould,  Morton
1187;Gould, Morton
1188;Stringfield, Lamar
1189;Schoenherr,  Max
1190;Lehar [Lehár],  Franz
1191;Kearney,  Peadar
1192;Glover,  Charles  William
1193;Diamond,  David
1194;"Smallens, Alexander;  Cella, Theodore"
1195;Hilsberg, Alexander
1196;Maganini, Quinto
1197;Pillois,  Jacques
1198;Gregorian Chant,
1199;Haubiel,  Charles
1200;Haubiel, Charles
1201;Warlock,  Peter
1202;Vactor,  David  Van
1203;Vactor, David Van
1204;"Barbirolli , John;  Vactor, David Van"
1205;Dragoi,  Sabin  V(asile)
1206;Lipatti,  Dinu
1207;Szalowski,  Antoni
1208;Boulanger, Nadia
1209;Francaix [Françaix],  Jean
1210;Sanders, Robert Levine
1211;Bonner,  Eugene  MacDonald
1212;Cesana,  Otto
1213;Kielland, Olav
1214;Reissiger,  Friedrich  August
1215;Alnaes,  Eyvind
1216;Johansen,  David  Monrad
1217;Moniuszko,  Stanislaw
1218;Wiechowicz,  Stanislaw
1219;Marx, Burle
1220;Mignone,  Francisco
1221;Burle Marx,  Walter
1222;Villa-Lobos,  Heitor
1223;Fernandez [Fernândez],  Oscar  Lorenzo
1224;Perlea,  Jonel
1225;Martin,  Frank
1226;Beck,  Conrad
1227;Doret,  Gustave
1228;Boult, Adrian
1229;Bliss,  Arthur
1230;Catalani,  Alfredo
1231;Schuman,  William
1232;Kurtz, Efrem
1233;Weissmann, Frieder
1234;Britten,  Benjamin
1235;Kostelanetz, Andre
1236;Dell'Acqua,  Eva
1237;Aguirre,  Julián
1238;O'Connell, Charles
1239;Cailliet,  Lucien
1240;Zemachson,  Arnold
1241;Paray, Paul
1242;Brun,  Fritz
1243;Bamberger, Carl
1244;Blant, Josef
1245;Spendiaryan,  Alexander
1246;Barlow, Howard
1247;Kalman [Kálmán],  Emmerich
1248;"Smallens, Alexander;  Marrow, Macklin;  Barlow, Howard"
1249;Bliss, Arthur
1250;Marcello,  Benedetto
1251;Muller,  Wenzel
1252;Adler, Peter Herman
1253;Zador,  Eugen
1254;Kurthy,  Zoltan
1255;Kurthy, Zoltan
1256;Herrmann,  Bernard
1257;Robinson,  Earl
1258;Warnow, Mark
1259;Bishop,  Sir  Henry  Rowley
1260;Helfman, Max
1261;McArthur, Edwin
1262;Giannini,  Vittorio
1263;Garcia-Estrada,
1264;Troiani-Bandini,
1265;Lopez-Buchardo,
1266;Ugarte,  Floro  M(elitón)
1267;Hummel,  Ferdinand  B.
1268;Becker,  John  J.
1269;Spier,  La Salle
1270;Cowell,  Henry  Dixon
1271;Steinberg, William
1272;Klemperer,  Otto
1273;Babin,  Victor
1274;Bolzoni,  Giovanni
1275;Mitropoulos, Dimitri
1276;Woltmann,  Frederick
1277;Zemlinsky,  Alexander
1278;Nabokov,  Nicolas
1279;Verrall,  John
1280;Stolz,  Robert
1281;Kalman [Kálmán], Emmerich
1282;Straus,  Oscar
1283;Straus, Oscar
1284;Alwin, Carl
1285;Stolz, Robert
1286;Holborne,  Anthony
1287;Portnoff,  Mischa
1288;Montemezzi,  Italo
1289;Montemezzi, Italo
1290;Naginski,  Charles
1291;Benjamin,  Arthur
1292;Sanjuan,  Pedro
1293;Allers, Franz
1294;Creston,  Paul
1295;Lamonte de Grignon,  Joan
1296;Davies,  Sir  Walford
1297;Stewart, Reginald
1298;Alabieff,  Alexander
1299;Poldini,  Ede
1300;Adler,  Larry
1301;Dixon, Dean
1302;Lee,  Dai-Keong
1303;Bayly,  Thomas  Haynes
1304;Larsson,  Lars  Erik
1305;Thomson,  Virgil
1306;Hasselmans,  Alphonse  Jean
1307;Zabel,  Albert  Heinrich
1308;Menotti,  Gian  Carlo
1309;Koussevitzky, Serge
1310;Mathieu,  Andre
1311;Haufrecht,  Herbert
1312;Haufrecht, Herbert
1313;Mohaupt,  Richard
1314;Vitali,  Tomaso  Antonio
1315;Weisgall,  Hugo
1316;Vosgerchien,  Luise
1317;Gooch,  William
1318;Dodworth,  Allen
1319;Sapp,  Allen  D.
1320;Khachaturian,  Aram
1321;Stor,  Jean
1322;Brant,  Henry
1323;Khrennikov,  Tikhon
1324;Cooley,  Carlton
1325;Elwell,  Herbert
1326;Harline,  Leigh
1327;Semmler,  Alexander
1328;Corigliano, John, Sr.
1329;Maazel, Lorin
1330;Josten, Werner
1331;Antonini, Alfredo
1332;Poot,  Marcel
1333;Enthoven,  Henri  Emile
1334;Tuthill,  Burnet
1335;Iturbi,  Jose
1336;Caturla,  Alejandro  García
1337;Barroso,  Ary
1338;Tavares,  Hekel
1339;Nassara-Barroso,
1340;Bate,  Stanley
1341;Violette,  Wesley  La
1342;Couperin,  Francois [François]
1343;Kabalevsky,  Dmitri
1344;Zimmerman,  Charles  A.
1345;Golde,  Walter
1346;Crist,  Bainbridge
1347;Leonard,  Clair
1348;Dorati, Antal
1349;Zlatin, Mois
1350;";  Lawrence, Robert"
1351;Kennan,  Kent
1352;";  Not conducted"
1353;Bacon,  Ernst
1354;Porter,  Cole
1355;Carmichael,  Hoagy
1356;Szell, George
1357;Sieczynski,  Rudolf
1358;Benatzky,  Ralph
1359;Lessner,  George
1360;Borguno,  A.
1361;Navarro,
1362;Breton,  Tomás
1363;Font,  M.
1364;Horenstein, Jascha
1365;Proch,  Heinrich
1366;Farnon,  Robert  J.
1367;Mueller,  Florian  F.
1368;Steiner,  Max
1369;Steiner, Max
1370;Newman,  Alfred
1371;Young,  Victor
1372;Schwartz,  Arthur
1373;Heusen,  James Van
1374;Ganin,  Kim
1375;Altman,  Arthur
1376;Warren,  Harry
1377;Whiting,  Richard
1378;Cooper, Emil
1379;Rozsa [Rózsa],  Miklós
1380;Bernstein, Leonard
1381;Beckett, Wheeler
1382;Tansman, Alexandre
1383;LaGuardia, Fiorello
1384;Hill,  Patty  and Mildred
1385;Herrmann, Bernard
1386;"Ganz, Rudolph;  Taylor, Deems"
1387;Duke,  Vernon
1388;Coates,  Eric
1389;Rathaus,  Karol
1390;Guarnieri,  Camargo
1391;Beckett,  Wheeler
1392;Campra,  Andre
1393;Strimer,  Joseph
1394;Vrooman, Aileen
1395;Lutkin,  Peter  Christian
1396;Bernstein,  Leonard
1397;Fittelberg, Gregor
1398;Labunski,  Felix
1399;Moross,  Jerome
1400;Verley,  Albert
1401;Foss, Lukas
1402;Strasfogel, Ignace
1403;Tchesnokoff,  Pavel
1404;Knipper,  Lev
1405;Field,  John
1406;Johnson, Thor
1407;Kay,  Ulysses  Simpson
1408;Sevitzky, Fabien
1409;Blitzstein,  Marc
1410;Gotovak,  Jakov
1411;Tajtchevitch,  Marko
1412;Malotte,  Albert  Hay
1413;Phillips,  Burrill
1414;Templeton,  Alec
1415;Schenk, Robert C.
1416;Schenk,  Robert  C.
1417;Cohan,  George  M.
1418;Wagner,  Joseph
1419;Clementi,  Muzio
1420;Wooldridge,  John
1421;Foss,  Lukas
1422;Meck,  Josef
1423;Kirnberger,  Johann  Philipp
1424;Benda,  Friedrich  Ludwig
1425;Haydn,  Michael
1426;Joseph I,
1427;Boehm,  Georg
1428;Villa-Lobos, Heitor
1429;"Rodzinski, Artur;  Villa-Lobos, Heitor"
1430;Thomson, Virgil
1431;Menasce,  Jacques  De
1432;Klenner,  John
1433;Serly,  Tibor
1434;Kreutz,  Arthur
1435;Kreutz, Arthur
1436;Mennin,  Peter
1437;Schuyler,  Philippa  Duke
1438;Earle,  Edward
1439;Windingstad, Ole
1440;Rodgers,  Richard
1441;Simon,  Nat
1442;Goodman, Al
1443;Rose,  David
1444;Wright,  Robert
1445;Perez-Freire,  Osman
1446;Goodman,  Al
1447;Arndt,  Felix
1448;Berlin,  Irving
1449;Ruiz,  Gabriel
1450;Romberg, Sigmund
1451;Turlet,  A.
1452;Tierney,  Harry
1453;Abravanel, Maurice
1454;Ravina,
1455;Pugni,  Cesare
1456;Malats,  Joaquin
1457;Eysler,  Edmund
1458;Lorenz,  Carl
1459;Goldman,  Edwin  Franko
1460;Hendl, Walter
1461;Adair,  Dorothy  W.
1462;Bergsma,  William
1463;Harris, Roy
1464;Barrymore,  Lionel
1465;"Rodzinski, Artur;  Hendl, Walter"
1466;Amanuensis,  A.  N.
1467;Murray,  Lyn
1468;Scott,  Raymond
1469;Warnow,  Mark
1470;Fendler, Edvard
1471;Bourdon, Rosario
1472;Bonime, Josef
1473;Broekman, David
1474;Saperton,  David
1475;Grever,  Maria
1476;Lara,  Agustín
1477;Freire,  Osman  Perez
1478;Tucci,  Terig
1479;Lecuona,  Ernesto
1480;Penella,  Manuel
1481;Chueca,  Federico
1482;Larregla,  Joaquin
1483;Guizar,  Pepe
1484;Vallejo,
1485;Don Alfonso-Carriola,
1486;Antek, Samuel
1487;Gillis,  Don
1488;Veracini,  Francesco  Maria
1489;Kosakoff,  Reuven
1490;Autori, Franco
1491;Bellini,  Renato
1492;Stix,  Carl
1493;Parmet, Simon
1494;Rangstrom,  Ture
1495;Forstat, Milton
1496;Bakaleinikoff, Vladimir
1497;Napravnik (Nápravník),  Eduard  Frantsovitch
1498;Landau, Siefrried
1499;Bodge,
1500;Clarke,  Robert  Coningsby
1501;Rolla,  Allesandro
1502;Nero,  Paul
1503;Ronald,  Langdon
1504;Cortez, Mario
1505;Addinsell,  Richard
1506;Tarenghi,  Mario
1507;Rose,  Peter de
1508;Basie,  Count
1509;McHugh,  Jimmy
1510;Callinicos, Constantine
1511;Vitalis,  George
1512;Callinicos,  Constantine
1513;MacGimsey,  Robert
1514;Kullmer, Ann
1515;Youmans,  Vincent
1516;Meacham,  Frank  W.
1517;Souvaine,  Henry
1518;Boskerck,  Francis Saltus  Van
1519;D'Artega, (Alfonso)
1520;Mossman,  Ted
1521;D'Artega,  (Alfonso)
1522;Reddick,  William
1523;Neuman, Herman
1524;Manna Zucca,
1525;Eiger,
1526;Smith,  Robert  W
1527;Nosco, Henri
1528;Sternberg, Jonathan
1529;Bettorini,
1530;De Curtis,  Ernesto
1531;Katims, Milton
1532;"Katims, Milton;  Steiner, George"
1533;Steiner,  George
1534;Steiner, George
1535;Charles,  Ernest
1536;Brummer, Andre
1537;Lehmann,  Liza
1538;Siegmeister,  Elie
1539;Shefter, Bert
1540;Shefter,  Bert
1541;Colombo,  Russ
1542;Anderson,  Leroy
1543;Blaine,  Ralph
1544;Griselle,  Thomas
1545;Layton,  Turner
1546;Rudnitsky, Antin
1547;"Plotnikoff, Eugene;  Rudnitsky, Antin"
1548;Baron, Sydney
1549;Gade,  Jacob
1550;Lavalle, Paul
1551;Conrad,  Con
1552;Lavalle,  Paul
1553;Berger,  Jean
1554;Canteloube,  Joseph
1555;Niles,  John  Jacob
1556;Antheil,  George
1557;di Capua,  Eduardo
1558;Curtis,  Ernesto Di
1559;Halasz, Laszlo [László]
1560;Acqua,  Eva dell'
1561;Bachelet,  Alfred  (Georges)
1562;Frescobaldi,  Girolamo
1563;Heuberger,  Richard
1564;Mompou,  Frederic
1565;Hahn,  Reynaldo
1566;Anderson,  Florence
1567;DuPage,  Richard
1568;Senfl,  Ludwig
1569;Ratner,  Leonard
1570;Block,  Frederick
1571;Mackenna,  Carmela
1572;Bosmans,  Arturo
1573;Pinto,  Octavio
1574;Haggerty,  Richard
1575;Work,  John
1576;Benda,  Jirí (Georg)  Antonín (Anton)
1577;Guenther,  Felix
1578;Lucas,  Mary  Anderson
1579;Pisk,  Paul
1580;Jadassohn,  Salomon
1581;Szabo [Szabó],  Ferenc
1582;Mattfeld,  Julius
1583;Piket,  Frederick
1584;Wissmer,  Pierre
1585;Biloti,  Anton
1586;Rosenthal,  Manuel
1587;Rosenthal, Manuel
1588;Rivier,  Jean
1589;Barraud,  Henri
1590;Dello Joio,  Norman
1591;Munch, Charles
1592;Turner,  Godfrey
1593;Messiaen,  Olivier
1594;Sakovich,
1595;Hardelot,  Guy  d'
1596;Katscher,  Robert
1597;Engel-Berger,  Willy
1598;Bagley,  Edwin  Eugene
1599;Grave,  Maria
1600;Schwieger, Hans
1601;Korn, Richard
1602;Zeller, Robert
1603;Minkus,  Leon
1604;North,  Alex
1605;Hendl,  Walter
1606;Bauer,  Marion  Eugenie
1607;George,  Earl
1608;"Walter, Bruno;  Hendl, Walter"
1609;Andersen,  Joachim
1610;Jones,  Charles
1611;Root,  George  Frederick
1612;Leide, Enrico
1613;Misraki,  Paul
1614;Spielmann,  Fritz
1615;Lawrence, Robert
1616;Porrino,  Ennio
1617;Webern,  Anton  von
1618;Perpessas,  Harilaos
1619;Schnabel,  Artur
1620;Buketoff, Igor
1621;Muradeli,  Vano
1622;Baron,  Maurice
1623;Moeran,  Ernest  John
1624;Scott,  Tom
1625;Starokadomsky,  Michael  L.
1626;Savino,  Domenico
1627;Vene [Vené],  Ruggero
1628;Haussermann,  John
1629;Balendonck,  Armand
1630;Dyson,  Sir  George
1631;Kleinsinger,  George
1632;Hupfeld,  Herman
1633;Panufnik,  Sir  Andrzej
1634;Fitch,  Theodore
1635;Wesley,  Mary  Lou
1636;"Reiner, Fritz;  Rachlin, Ezra"
1637;Rachlin, Ezra
1638;Ward,  Robert
1639;Kostrukoff, Nicholas
1640;Weaver,  Powell
1641;Mancinelli,  Luigi
1642;Cilea,  Francesco
1643;Isola, Salvatore dell'
1644;Liebermann,  Rolf
1645;Arnell,  Richard
1646;Ivanov-Radkevich,  Nikolai
1647;Revueltas,  Silvestre
1648;Emmett,  Daniel  Decatur
1649;Pierpont,  James  Lord
1650;Clapp,  Philip  Greeley
1651;Sessions,  Roger
1652;Shapero,  Harold
1653;De Sabata, Victor
1654;Frazzi,  Vito
1655;Ghedini,  Giorgio  Federico
1656;Chinn,  Genevieve
1657;Shulman,  Alan
1658;Camarata,  Tutti
1659;Antonini,  Alfredo
1660;Bermejo,  Felipe
1661;Soarez-Saveno,
1662;Castellanos,  Carlos
1663;Carvalho, Eleazar De
1664;Cork, Frank
1665;Balazs, Frederic
1666;Balazs,  Frederic
1667;Goberman, Max
1668;Levine, Maurice
1669;Firestone,  Elizabeth
1670;Swanson,  Howard
1671;MacMillan, Ernest
1672;Alexander,  Josef
1673;Stein,  Barbara
1674;Koutzen,  Boris
1675;Torelli,  Giuseppe
1676;Rudolf, Max
1677;Engel, Lehman
1678;Levine,  Julius
1679;Wolpe,  Stefan
1680;Mills,  Charles
1681;Travis,  Roy  Elihu
1682;Slonimsky,  Nicolas
1683;Cantelli, Guido
1684;Kirchner,  Leon
1685;Strauss,  Eduard
1686;Guadagno, Anton Rocco
1687;Petrassi,  Goffredo
1688;Stevens,  David
1689;Heath, Fenno
1690;Jackno,  Ralph  John
1691;Paul, Charles
1692;Morrissey, Gibson
1693;Lavry,  Marc
1694;Confrey,  Zez
1695;Schertzinger,  Victor
1696;Dvonch, Frederick
1697;Schiff, Charles
1698;Yaysnoff,  June & Iris
1699;Schippers, Thomas
1700;Rodrigo,  Joaquín
1701;Gesensway,  Louis
1702;Barab,  Seymour
1703;Pelletier, Wilfrid
1704;Ferguson,  Howard
1705;Sherman, Alec
1706;Eberl,  Anton
1707;Hill,  Dorothy
1708;Gabrieli,  Andrea
1709;Berger,  Arthur
1710;Einem,  Gottfried  Von
1711;Rochberg,  George
1712;Vivanco,  Moises
1713;Schuller, Arthur
1714;Gimenez,  Jeronimo
1715;Machado, Roger
1716;Sandoval,
1717;Blasco,  Ricardo
1718;Machado,  Roger
1719;"Schuller, Arthur;  Machado, Roger"
1720;Rudel, Julius
1721;Frohlich, Otto
1722;Lajarte,  Theodore  Eduard DuFaure
1723;Tzincoca, Rémus
1724;"Tzincoca, Rémus;  Thomson, Virgil"
1725;Bezanson,  Philip
1726;Blacher,  Boris
1727;Damase,  Jean-Michel
1728;Kassern,  Tadeusz
1729;Moor,  Emanuel
1730;Dougherty,  Celius  (Hudson)
1731;Dallapiccola,  Luigi
1732;Lipschutz,  Lita
1733;Helm,  Everett
1734;Dalgleish,  James
1735;Kozmo, Tibor
1736;Godfrey,  Kathryn
1737;Bautista,
1738;Font de Anda,
1739;Moreno Torroba,  Federico
1740;Scherman, Thomas
1741;Millocker,
1742;"Thomson, Virgil;  De Paur, Leonard"
1743;Waxman,  Franz
1744;Skalkottas,  Nikos
1745;Caamano [Caamaño],  Roberto
1746;Rodgers, Richard
1747;Richardson,  Albert
1748;Raksin,  David
1749;Zaritzky,  Walt  Barrows
1750;Hague,  Charles
1751;Bonporti,  Francesco  Antonio
1752;Marinuzzi,  Gino, Jr.
1753;Gaburo,  Kenneth
1754;Sihanouk,  King  Norodom
1755;Ladmirault,  Paul  Emile
1756;Cortes [Cortés],  Ramiro
1757;Meyerowitz,  Jan
1758;Pregel,  Boris
1759;Harkness,  Rebecca
1760;Sauter-Finegan,
1761;Rodriguez,  Gerardo  Matos
1762;de Abreu,  Zequinha
1763;Monterde,  Bernardino  Bautista
1764;Yradier,  Sebastian
1765;Kay,  Hershy
1766;Boutnikoff, Ivan
1767;Pestalozza,  Alberto
1768;Lumbye,  Hans Christian
1769;Goldovsky, Boris
1770;Luboshutz, Pierre
1771;Walton, William
1772;De Filippi,  Amedeo
1773;Weber,  Ben
1774;Miyagi,  Michio
1775;Konoye,  Hidemaro
1776;Buxtehude,  Dietrich
1777;"Mitropoulos, Dimitri;  Chavez [Chávez], Carlos"
1778;Carrer [Karrer, Karreris],  Pavlos
1779;Goodman,  Saul
1780;Lewis,  George
1781;Hall,  Reginald
1782;Marker,
1783;Di Candriano,  Prince  Camillo  Ruspoli
1784;Bensussan,  Menachem
1785;Suesse,  Dana
1786;Klein,  John  M.
1787;Landes,
1788;Goehr,
1789;Mamorsky,  Morris
1790;Strickland, William
1791;"Rudel, Julius;  Not conducted"
1792;Burgess,  Lord
1793;Span,  Norman
1794;Mitchell, Howard
1795;Fiorato, Hugo
1796;De Banfield,  Raffaello
1797;Muse,  Clarence
1798;Hanley,  James  F.
1799;Williams,  Spencer
1800;Reid,  Billy
1801;Williams,  Hank
1802;New Orleans Rhythm Kings,
1803;Tizol,  Juan
1804;Monaco,  James  V.
1805;Bernie,  Ben
1806;Rosenstock, Milton
1807;Wallenstein, Alfred
1808;McPhee,  Colin
1809;Starer,  Robert
1810;Schuller,  Gunther
1811;Marquina,  Pasquale
1812;Loewe,  Frederick
1813;Mourant,  Walter
1814;Rosenthal,  Laurence
1815;Ginastera,  Alberto
1816;Mann,  Robert
1817;Kubik,  Gail
1818;Solti, Georg
1819;Heiden,  Bernhard
1820;"Mitropoulos, Dimitri;  Antonini, Alfredo"
1821;Carter,  Elliott
1822;Egge,  Klauss
1823;Sherwood,  Gordon
1824;Bentzon,  Niels  Viggo
1825;Markevitch, Igor
1826;Jurek,
1827;Fracht, Albert
1828;Sebastian,  John
1829;Fernandez Arbos,  Enrique
1830;Arnold,  Sir  Malcolm
1831;Marais,  Josef
1832;Cluytens, André
1833;Bondeville,  Emmanuel
1834;Dutilleux,  Henri
1835;Durufle [Duruflé],  Maurice
1836;Previtali, Fernando
1837;Simila, Martti
1838;Rota,  Nino
1839;Haieff,  Alexei
1840;Macero,  Teo
1841;Copland, Aaron
1842;Turner,  Charles
1843;Kubelik, Rafael
1844;Sicilianos,  Yeorgo
1845;"Mitropoulos, Dimitri;  Kaye, Danny"
1846;Kaye, Danny
1847;Merrick,  Mahlon  Legrand
1848;Ansermet, Ernest
1849;Castro,  Juan  José
1850;Shaw, Robert
1851;Markevitch,  Igor
1852;Borishansky,  Elliot
1853;Yoder,  Paul  V.
1854;Celebre, John W
1855;Krips, Josef
1856;Chapi (y Lorente),  Ruperto
1857;Garcia-Matos,  Manuel
1858;Alamo,  Lazaro del
1859;Arbo,  Miguel  Asins
1860;Ferriz,
1861;Matlovsky, Samuel
1862;Zafred,  Mario
1863;Salieri,  Antonio
1864;Karajan, Herbert Von
1865;Varese [Varèse],  Edgard
1866;Ben-Haim,  Paul
1867;Fiedler, Arthur
1868;Ellstein,  Abraham
1869;Betti,  Henry
1870;Chajes,  Julius
1871;Bass, Warner
1872;Lewis,  Leon
1873;Nelhybel,  Vaclav
1874;Tureck, Rosalyn
1875;Morel, Jean
1876;Franklin,  Benjamin
1877;"Bernstein, Leonard;  Foss, Lukas"
1878;Beglarian,  Grant
1879;Fine,  Irving
1880;Rorem,  Ned
1881;Russo,  William
1882;Schermerhorn, Kenneth
1883;Banfield,  Raffaelo de
1884;Zeller,  Karl
1885;Merceron,
1886;Pugatchov,  Emanuel
1887;Fisher,  Marvin
1888;Orbon,  Julian
1889;Fenton,
1890;Lipkin, Seymour
1891;"Schermerhorn, Kenneth;  Bauer-Mengelberg, Stefan"
1892;"Bernstein, Leonard;  Bauer-Mengelberg, Stefan"
1893;Shanet, Howard
1894;Fry,  William  Henry
1895;Brubeck,  Howard
1896;Willis,  Richard  Storrs
1897;Bertini, Gary
1898;Seter,
1899;Bauer-Mengelberg, Stefan
1900;Hindemith, Paul
1901;Amirov,  Fikret
1902;De La Torre,  Francisco
1903;Bucci,  Mark
1904;"Bernstein, Leonard;  Bauer-Mengelberg, Stefan;  Gamson, Arnold;  Lipkin, Seymour;  Shanet, Howard"
1905;Boulez,  Pierre
1906;Gamson, Arnold
1907;Kalman,  Charles
1908;Jenkins, Newell
1909;Monreal,
1910;Solano,
1911;Maciste,
1912;Ovadia,
1913;Ferrao,
1914;De Cormier, Robert
1915;Cannon,  Hughie
1916;Orrego-Salas,  Juan
1917;Mehta, Zubin
1918;Orff,  Carl
1919;Stanger, Russell
1920;Barati, George
1921;Millar, Gregory
1922;Shapira, Elyakum
1923;Franchetti,  Arnold
1924;Rosbaud, Hans
1925;Boehm, Karl
1926;Parish,  M
1927;Skrowaczewski, Stanislaw
1928;Lutoslawski,  Witold
1929;Henderson, Skitch
1930;Ripoll,  Michael  Douglas
1931;Blackburn,  John  M
1932;Bernard,  Felix
1933;Hadjidakis,  Manos
1934;Styne,  Jule
1935;Rascel,  Renato
1936;Chou,  Wen-Chung
1937;Ponce,  Manuel
1938;Krasnopolsky, Yuri
1939;"Bernstein, Leonard;  Millar, Gregory"
1940;Varga, Laszlo
1941;Mayuzumi,  Toshiro
1942;Ozawa, Seiji
1943;Solomon, Izler
1944;Sellers,  Brother John
1945;Peress, Maurice
1946;Smit,  Leo
1947;Dor,  Dani
1948;Goldfaden,  Abraham
1949;Gold,  Ernest
1950;Miron,  Issachar
1951;Torkanowsky, Werner
1952;Canarina, John
1953;Kurka,  Robert
1954;Nielsen,  Carl
1955;"Ozawa, Seiji;  Peress, Maurice"
1956;Westerman,  Gerhart von
1957;Craft, Robert
1958;Almeida, Antonio de
1959;Rosenstock, Joseph
1960;Pinkham,  Daniel
1961;Rozsnyai, Zoltan
1962;Fournier, Serge
1963;Etler,  Alvin
1964;Gerhard,  Roberto
1965;Calderon, Pedro
1966;Abbado, Claudio
1967;Kosler, Zdenek
1968;Henze,  Hans  Werner
1969;Previn,  Sir  André
1970;Previn, André
1971;Irving, Robert
1972;Boskovsky, Willi
1973;Henderson,  Skitch
1974;Rosenstock (use 5551), Milton
1975;Bihari,  Janos
1976;Vetessy,  George
1977;Baird,  Tadeusz
1978;Ran,  Shulamit
1979;La Marchina, Robert
1980;Marino, Amerigo
1981;Xenakis,  Iannis
1982;Ligeti,  György [Gyorgy]
1983;Austin,  Larry
1984;Cage,  John
1985;"Bernstein, Leonard;  Cage, John;  Tenney, James"
1986;Feldman,  Morton
1987;Brown,  Earle
1988;"Bernstein, Leonard;  Brown, Earle"
1989;Schuller, Gunther
1990;La Montaine,  John
1991;"Foss, Lukas;  Abbado, Claudio;  Kosler, Zdenek"
1992;Reif,
1993;Hovhaness,  Alan
1994;Sargent, Malcolm
1995;Cliburn, Van
1996;Koyama,  Kiyoshige
1997;Kirchner, Leon
1998;Wyss, Niklaus
1999;de Waart, Edo
2000;Smith, Lawrence Leighton
2001;DePreist, James
2002;Houtmann, Jacques
2003;Del Carmen, Ricardo
2004;Lees,  Benjamin
2005;Palmer,  Robert
2006;Cleve, George
2007;Takemitsu,  Toru
2008;Perry,  Julia
2009;Dufallo, Richard (John)
2010;Wuorinen,  Charles
2011;Ellington, Duke
2012;Strayhorn,  Billy
2013;Montsalvatge,  Xavier
2014;Caduff, Sylvia
2015;Lombard, Alain
2016;Gillessen, Walter
2017;Izquierdo, Juan Pablo
2018;"de Waart, Edo;  ;  ;  de Waart, Edo"
2019;Kilar,  Wojciech
2020;Diamond, David
2021;Machaut,  Guillaume  De
2022;Kondrashin, Kiril
2023;"Dufallo, Richard (John);  Foss, Lukas"
2024;Gesualdo,  Don  Carlo
2025;Martirano,  Salvatore
2026;"Caduff, Sylvia;  Izquierdo, Juan Pablo"
2027;Capolongo, Paul
2028;Garcia-Asensio, Enrique
2029;Quach, Helen
2030;Springer, Alois
2031;Fuleihan, Anis
2032;Blomdahl,  Karl-Birger
2033;Amram,  David
2034;Garrido-Lecca,  Celso
2035;Shchedrin,  Rodion
2036;Denisov,  Edison
2037;Chagrin,  Francis
2038;Chen,  N.
2039;Zahavi,  David
2040;Wilensky,  Moshe
2041;Amiran,  Emanuel
2042;Navon,  Yitzchak  Eliyahu
2043;Reizenstein,  Franz
2044;Laderman,  Ezra
2045;Floyd,  Carlisle
2046;Ančerl, Karel
2047;Ehrling, Sixten
2048;Bilik,  Jerry
2049;Bennett,  Richard  Rodney
2050;"Bernstein, Leonard;  Quach, Helen"
2051;Huybrechts, Francois
2052;Delogu, Gaetano
2053;Mechkat, Farhad
2054;Brott, Boris
2055;McCartney,  Sir  Paul
2056;Mitropoulos,  Dimitri
2057;Rawsthorne,  Alan
2058;Berio,  Luciano
2059;Berio, Luciano
2060;Kuhlau,  Friedrich
2061;Borge,  Victor
2062;Helsted,  Edvard
2063;Norgard [Nørgård],  Per
2064;Davis, Colin
2065;Giulini, Carlo Maria
2066;Babbitt,  Milton
2067;Seibel, Klauspeter
2068;Endo, Akira
2069;Segal, Uri
2070;Zearott, Michael
2071;Bonavera, Alfredo
2072;Mehmedov, Mesru
2073;"Bernstein, Leonard;  Stokowski, Leopold"
2074;Boulez, Pierre
2075;Semkow, Georg (Jerzy)
2076;"Mechkat, Farhad;  Huybrechts, Francois"
2077;Casals,  Pablo
2078;Serrano,  Jose
2079;Cowell,  Johnny
2080;Leppard, Raymond
2081;Kertesz (Kertész), István
2082;Fruhbeck de Burgos, Rafael
2083;Gilbert, David
2084;Bender, Philippe
2085;Benzecry, Mario
2086;Rawsthorne,  Noel
2087;Ustinov, Peter
2088;Ceccato, Aldo
2089;Barenboim, Daniel
2090;Goehr,  Alexander
2091;Stockhausen,  Karlheinz
2092;Stockhausen, Karlheinz
2093;Menuhin, Yehudi
2094;Pousseur,  Henri
2095;Kostelanetz,  Andre
2096;Thomas, Michael Tilson
2097;Smith,  Hale
2098;Davidovsky,  Mario
2099;Gielen, Michael
2100;Nono,  Luigi
2101;Moevs,  Robert  (Walter)
2102;Riesman,  Michael
2103;Rzewski,  Frederic
2104;Reich,  Steve
2105;Crawford {Seeger],  Ruth  Porter
2106;Zelenka,  Jan  Dismas
2107;Vejvanovsky,  Pavel  Josef
2108;Brixi,  Frantisek [František]  Xaver
2109;Maderna, Bruno
2110;Maderna,  Bruno
2111;Schafer,  R.  Murray
2112;"Brown, Earle;  Maderna, Bruno"
2113;Delacôte, Jacques
2114;Silverman,  Stanley
2115;Crumb,  George
2116;Salzman,  Eric
2117;Levine, James
2118;Thompson, Leon
2119;Geld,  Gary
2120;Piantini, Carlos
2121;Chambers, James
2122;Li,  Huanzhi
2123;Press,  Jacques
2124;Martinon, Jean
2125;Lewis, Henry
2126;Leinsdorf, Erich
2127;Druckman,  Jacob
2128;Maxwell Davies,  Sir  Peter
2129;Argento,  Dominick
2130;Del Tredici,  David
2131;Bolcom,  William
2132;Penderecki,  Krzysztof
2133;Skrowaczewski,  Stanislaw
2134;Zinman, David
2135;Kraft,  William
2136;Ahronovitch, Yuri
2137;Slatkin, Leonard
2138;Tippett,  Michael
2139;Davis, Andrew
2140;Harrison,  Lou
2141;Klee, Bernhard
2142;Hartmann,  Karl  Amadeus
2143;Reimann,  Aribert
2144;Sollberger,  Harvey
2145;Warren,  Elinor  Remick
2146;Zimmermann,  Bernd  Alois
2147;Newland, Larry
2148;Conlon, James
2149;Birtwistle,  Harrison
2150;Comissiona, Sergiu
2151;Harris,  Donald
2152;Moore,  Carman
2153;Haitink, Bernard
2154;Vorisek,  Jan  Vaclav
2155;Lieberson,  Peter
2156;Coward,  Noël
2157;"Boulez, Pierre;  Gilbert, David"
2158;Bacewicz,  Grazyna
2159;Caldwell, Sarah
2160;Escot,  Pozzi
2161;Musgrave,  Thea
2162;Foster, Lawrence
2163;Taxin,  Ira
2164;Raposo,  Joe
2165;Norris, Lee
2166;Dlugoszewski,  Lucia
2167;Martino,  Donald
2168;Kolb,  Barbara
2169;Macal, Zdenek
2170;Akiyama, Kazuyoshi
2171;Lee, Everett
2172;Baker,  David  J.
2173;Blackwood,  Easley
2174;Deak,  Jon
2175;Rush,  Loren
2176;Gilbert,  David
2177;Jablonsky,  Stephen
2178;Donatoni,  Franco
2179;Albright,  William
2180;Plante,  Daniel
2181;Tennstedt, Klaus
2182;Myers,  Laurie
2183;Subotnick,  Morton
2184;Marriner, Neville
2185;"Boulez, Pierre;  Gilbert, David;  Chambers, James;  Newland, Larry"
2186;Levine,  Jeffrey
2187;Gaber,  Harley
2188;Hodkinson,  Sydney
2189;Somogi, Judith
2190;Joplin,  Scott
2191;Lamb,  Joseph  Francis
2192;Blake,  Eubie
2193;Matthews,  Artie
2194;Europe,  James  Reese
2195;Reeves,  David  Wallis
2196;Fillmore,  John  Comfort
2197;Davies, Dennis Russell
2198;Hampton,  Calvin
2199;Zukerman, Pinchas
2200;Saint-Georges,  Joseph  Bologne, chevalier de
2201;Freeman, Paul
2202;White,  Jose  (Paul)
2203;Nunes-Garcia,  José  Maurício
2204;Hailstork,  Adolphus
2205;Cordero,  Roque
2206;Walker,  George
2207;Caplet,  Andre [André]
2208;Salzedo,  Carlos
2209;Imbrie,  Andrew
2210;Colgrass,  Michael
2211;Streisand,  Barbra
2212;Murphy,  Walter
2213;Sondheim,  Stephen
2214;Johnston,  Bruce
2215;Persichetti,  Vincent
2216;Corigliano,  John, Jr.
2217;Simmons, Calvin
2218;Wilson,  Olly
2219;Stock,  David
2220;McKinley,  William  Thomas
2221;Eliasson,  Anders
2222;Dugger,  Edwin
2223;Borge, Victor
2224;Friedman,  Ignaz
2225;Jochum, Eugen
2226;Farina,  Carlo
2227;Thomas,  Andrew
2228;Cohen,  Edward
2229;Mingus,  Charles
2230;Edwards,  George
2231;Murail,  Tristan
2232;Schneider, Alexander
2233;Weiskopf, Robert
2234;Tarrega [Tárrega],  Francisco
2235;Romero,  Angel
2236;Fischer,  J.
2237;Donaldson,  Walter
2238;Fisher,  Fred
2239;Meyers, Billy,  Schoebel, Elmer  and
2240;King,  Karl  Lawrence
2241;Duble,  Charles  Edward
2242;Gould, Harry E., Jr.
2243;Rostropovich, Mstislav
2244;Jackson, Isaiah
2245;Bassett,  Leslie
2246;Rozhdestvensky, Gennady
2247;Taneyev,  Sergei
2248;Cavalli,  Francesco
2249;"Kostelanetz, Andre;  Wendy, Diane"
2250;Wendy, Diane
2251;Mackerras, Charles
2252;Bonynge, Richard
2253;Kim,  Earl
2254;Tal,  Josef
2255;Tomasi,  Henri
2256;Zagortsev,  Vladimir
2257;Eschenbach, Christoph
2258;Jarvi (Järvi), Neeme
2259;Buckley, Richard
2260;Weller, Walter
2261;Bonds,  Margaret
2262;Westmoreland,  Joe K.
2263;Kojian, Varujan
2264;Susato,  Tylman
2265;Neikrug,  Marc
2266;Nelson, John
2267;Fischer,  Clare
2268;Kubelik [Kubelík],  Rafael
2269;Shankar,  Ravi
2270;Dohnanyi, Christoph von
2271;Doppler,  (Albert)  Franz
2272;Masur, Kurt
2273;Clarke,  Herbert  Lincoln
2274;Samuel,  Gerhard
2275;Cottrau,  Teodoro
2276;Dutoit, Charles
2277;Gabriel,  Charles  H.
2278;Marx,  Joseph
2279;Lanchbery, John
2280;Tower,  Joan
2281;Shostakovich, Maxim
2282;Sinopoli, Giuseppe
2283;Balada,  Leonardo
2284;Lopez Cobos [López Cobos], Jesus [Jesús]
2285;Lutoslawski, Witold
2286;Kotzwara,  Franz
2287;Shaw,  Oliver
2288;Herrick,  Joseph
2289;Holyoke,  Samuel
2290;Trojahn,  Manfred
2291;Consoli,  Marc-Antonio
2292;Lerdahl,  Fred
2293;Weisberg, Arthur
2294;Harbison,  John
2295;Rosenman,  Leonard
2296;Balassa,  Sandor
2297;Druckman, Jacob
2298;Adams,  John
2299;Kernis,  Aaron  Jay
2300;Thorne,  Nicholas
2301;Rands,  Bernard
2302;Schwantner,  Joseph
2303;Street,  Tison
2304;Keene, Christopher
2305;Mercure,  Pierre
2306;Sanderling, Kurt
2307;Stulberg, Neal
2308;Bychkov, Semyon
2309;Arutunian,  Alexander
2310;Neumann, Vaclav
2311;Herbig, Gunther
2312;Shallon, David
2313;Henze, Hans Werner
2314;Penderecki, Krzysztof
2315;Rouse,  Christopher
2316;Beaser,  Robert
2317;Erb,  Donald
2318;Lansky,  Paul
2319;Sollberger, Harvey
2320;Hoeller,  York
2321;Wuorinen, Charles
2322;Reynolds,  Roger
2323;La Barbara,  Joan
2324;Drummond, Dean
2325;Jolas,  Betsy
2326;Amy, Gilbert
2327;Amy,  Gilbert
2328;Knussen,  Oliver
2329;Davis,  Anthony
2330;Sculthorpe,  Peter
2331;Bazelon,  Irwin
2332;Chung, Myung Whun
2333;Wyre,  John
2334;Gubaidulina,  Sofia
2335;Belohlavek, Jiri
2336;Fletcher, Richard
2337;Kruglikov, Felix
2338;Williams,  Julius
2339;Karmen,  Steve
2340;Gemignani, Paul
2341;Subramaniam,  Lakshminarayana
2342;Sohal,  Naresh
2343;Warshaw,  Dalit  Paz
2344;Schnittke,  Alfred
2345;Sinopoli,  Giuseppe
2346;Bussotti,  Sylvano
2347;Chailly, Riccardo
2348;Temirkanov, Yuri
2349;Speer,  Daniel
2350;Calvert,  Morley
2351;Furtwangler [Furtwängler],  Wilhelm
2352;Dufourt,  Hugues
2353;Turnovsky, Martin
2354;Novak,  Jan
2355;Hogwood, Christopher
2356;Levine, Gilbert
2357;Molter,  Johann  Melchior
2358;Stern, Isaac
2359;Pesko (Peskó), Zoltán
2360;Nancarrow,  Conlon
2361;Knussen, Oliver
2362;Ruders,  Poul
2363;Kagel,  Mauricio
2364;Olivero,  Betty
2365;Andriessen,  Louis
2366;Paert [Pärt],  Arvo
2367;Sorozabal,  Pablo
2368;Stern, Michael
2369;Morgan, Michael
2370;Barrett, Michael
2371;Husa,  Karel
2372;Berio,  Adolfo
2373;Castiglioni,  Niccolò
2374;Salonen, Esa-Pekka
2375;Matthus,  Siegfried
2376;Jacob,  Gordon
2377;Bach,  P.D.Q.
2378;Schickele, Peter
2379;Schickele,  Peter
2380;May,  Robert  C.
2381;Hangen, Bruce
2382;Harvey, Raymond
2383;Lindroth,  Scott
2384;Hegyi, Julius
2385;Hartke,  Stephen
2386;Leonard, Peter
2387;Benjamin,  George
2388;Nagano, Kent
2389;Williams,  John
2390;Lewis,  John
2391;Zwilich,  Ellen  Taaffe
2392;Gastaldon,  Stanislas
2393;Domingo, Placido
2394;"Mehta, Zubin;  Domingo, Placido"
2395;Wolff, Hugh
2396;Wolfe,  Stanley
2397;Stenhammar,  Wilhelm
2398;Coolidge,  Peggy  Stuart
2399;Levi, Yoel
2400;Flummerfelt, Joseph
2401;Turrin,  Joseph
2402;Tung, Ling
2403;Rilling, Helmuth
2404;Cunningham,  Arthur
2405;Kellaway,  Roger
2406;Cerchio,  Bruno
2407;Mulligan,  Gerry
2408;Fuchs, Kenneth
2409;Fuchs,  Kenneth
2410;Perick, Christof
2411;Slonimsky,  Sergei
2412;Knight,  Edward
2413;Drattell,  Deborah
2414;Thomas,  Augusta  Read
2415;Hagen,  Daron
2416;Daugherty,  Michael
2417;Wong, Samuel
2418;Alsop, Marin
2419;Gergiev, Valery
2420;Hoffer,  Bernard
2421;Hetu [Hétu],  Jacques
2422;Lang,  David
2423;Mercurio,  Steven
2424;Welser-Möst, Franz
2425;DeRusha, Stanley
2426;Berglund, Paavo
2427;Raats [Rääts],  Jaan
2428;Ge,  Gangru
2429;Sierra,  Roberto
2430;Flor, Claus Peter
2431;Baker,  Claude
2432;"Masur, Kurt;  Wong, Samuel"
2433;Picker,  Tobias
2434;Morawetz,  Oskar
2435;Sheng,  Bright
2436;Westerfield, Richard
2437;Ling, Jahja
2438;Ramey,  Phillip
2439;Torke,  Michael
2440;Magiera, Leone
2441;Bixio,  Cesare  Andrea
2442;Di Lazzaro,  Eldo
2443;Di Crescenza,  Vincenzo
2444;St. Clair, Carl
2445;Ben-Dor, Gisele
2446;Nelson,  Ron
2447;Langgaard,  Rued
2448;Blomstedt, Herbert
2449;Jansons, Mariss
2450;Paulus,  Stephen
2451;"Masur, Kurt;  Westerfield, Richard"
2452;Dunner, Leslie B.
2453;Miki,  Minoru
2454;Kokkonen,  Joonas
2455;Albert,  Stephen
2456;Blumenfeld,  Felix
2457;Tubin,  Eduard
2458;Schoenfield,  Paul
2459;McFerrin, Bobby
2460;Dodd,  Jimmie
2461;Dessau,  Paul
2462;Tamberg,  Eino
2463;Mauceri, John
2464;Thielemann, Christian
2465;Scheidt,  Samuel
2466;Danielpour,  Richard
2467;Harth-Bedoya, Miguel
2468;Chaynes,  Charles
2469;Leon, Tania
2470;Paz,  Xavier  de
2471;Gatti, Daniele
2472;MacMillan,  James
2473;Koper,  Karl-Heinz  (Köper)
2474;Hawkins,  Walter
2475;Dorsey,  Thomas  Andrew
2476;Oue, Eiji
2477;Sametz,  Steven
2478;Katzer,  Georg
2479;Perle,  George
2480;Turnbull, Walter J.
2481;Hurd,  David
2482;Dawson,  Mary  Cardwell
2483;Carter,  Henry
2484;Holland,  M.  Roger, III
2485;Sebesky,  Don
2486;Torme [Tormé],  Mel
2487;Davis,  Katherine
2488;Piazzolla,  Astor
2489;Adams, John
2490;"Slatkin, Leonard;  Thakar, Markand"
2491;"Parker,  Charlie  (""Bird"")"
2492;Thakar, Markand
2493;Kancheli,  Giya
2494;Brey,  Carter
2495;Coleman,  Ornette
2496;Hagegard [Hagegård], Håkon
2497;Lockhart, Keith
2498;Lindberg,  Magnus
2499;Saraste, Jukka-Pekka
2500;Serocki,  Kazimierz
2501;McGrimsey,  Robert
2502;Maltsby,  Carl
2503;Dubin,  Al
2504;Hamlisch,  Marvin
2505;Loesser,  Frank
2506;Adler,  Richard
2507;Smalls,  Charlie
2508;Crouch,  Andrae  (Edward)
2509;Zorn,  John
2510;Milarsky, Jeffrey
2511;Minczuk, Roberto
2512;Lauridsen,  Morten
2513;Ades [Adès],  Thomas
2514;Ades [Adès], Thomas
2515;Turnage,  Mark-Anthony
2516;Young, Simone
2517;Waller,  Fats  (Thomas)
2518;Hathaway and McKinnor,  Donny and Nadine
2519;Muti, Riccardo
2520;Fischer, Ivan [Iván]
2521;Jarvi (Järvi), Paavo
2522;Kreizberg, Yakov
2523;Dun,  Tan
2524;Seltzer,  Dov
2525;Sussan,  Leo
2526;Deak, Jon
2527;Baum,  Parker
2528;Blaudziunas,  Gabija
2529;Mindlin,  Samantha
2530;Spencer,  Victoria
2531;Hoover,  Duke
2532;Held,  Ilana
2533;Boyle-Cole,  Cheyenne
2534;Hirschhorn,  Michelle
2535;Piot,  Melhia
2536;Sable,  Lindsay
2537;Esman,  Ilan
2538;Gray,  Aiesha
2539;Rosario,  Janis
2540;Baum,  Sabrina
2541;Satoh,  Somei
2542;Saariaho,  Kaija
2543;Hanson, George
2544;Litton, Andrew
2545;Glick,  Srul  Irving
2546;Simonson,  Victor
2547;Becton,  Shelton  L.
2548;Marsalis,  Wynton
2549;Rihm,  Wolfgang
2550;Falcon [Falcón] Sanabria,  Juan  José
2551;Miller, David Alan
2552;Luisi, Fabio
2553;Pugh,  James
2554;Wigglesworth, Mark
2555;Masson [Másson],  Askell [Áskell]
2556;Liebermann,  Lowell
2557;Vonk, Hans
2558;Smith, André Raphel
2559;Gier, Delta David
2560;Viotti, Marcello
2561;Tovey, Bramwell
2562;Volkov, Ilan
2563;Biller, Georg Christopher
2564;Henderson, Luther
2565;Abbado, Roberto
2566;Kalhor,  Kayhan
2567;Robertson, David
2568;Rechtman,  Ilan
2569;Eddins, William
2570;Gilbert, Alan
2571;Botti,  Susan
2572;Southall,  Mitchell  B.
2573;"Gannon,  James ""Kim"""
2574;Herman,  Jerry
2575;Hill,  Warren
2576;Gardiner, John Eliot
2577;Ruzicka,  Peter
2578;Metzmacher, Ingo
2579;Daniel, Paul
2580;Fisch, Asher
2581;Gamba, Rumon
2582;Oramo, Sakari
2583;Tsintsadze,  Sulkhan  Fyodorovich
2584;Richman, Lucas
2585;Richman,  Lucas
2586;Marks,  Johnny
2587;Coldplay,
2588;Sheng, Bright
2589;Rodriguez,  Jasmin
2590;James,  Dijon
2591;Vega,  Arianna
2592;Paulino,  Carlos
2593;Vitrago,  Roger
2594;Manon [Mañon],  Cesar
2595;Diaz,  Stanly
2596;Gomez,  Cynthia
2597;Leger,  Anabel
2598;Diaz,  Luis
2599;Spano, Robert
2600;Kander,  John
2601;Golijov,  Osvaldo
2602;"Jobim,  Antônio  Carlos (""Tom"")"
2603;Vanska [Vänskä], Osmo
2604;Neale, Alasdair
2605;Noseda, Gianandrea
2606;Pippin, Donald
2607;Lloyd Webber,  Lord  Andrew
2608;Leontovych,  Mykola
2609;Javits,  Joan  Ellen
2610;Shire,  David
2611;Silver,  Frederick
2612;Coots,  J.  Fred
2613;Livingston,  Jay
2614;Rollins,  Walter  E.
2615;Kahane, Jeffrey
2616;McGegan, Nicholas
2617;Zhang, Xian
2618;Williams, John
2619;Pappano, Antonio
2620;Camilo,  Michel
2621;Perlman, Itzhak
2622;Harrison,  Tim
2623;"Gilbert, Alan;  Minczuk, Roberto"
2624;Harris,  Charles
2625;Russell, John Morris
2626;Elvey,  Sir  George
2627;Sortomme,  Richard
2628;Pereira,  Joseph
2629;Pereira, Joseph
2630;Elbel,  Louis
2631;Edwards,  Ross
2632;Maazel,  Lorin
2633;Chaplin,  Charles
2634;Bernstein,  Elmer
2635;Kamen,  Michael
2636;Goldsmith,  Jerry
2637;Barry,  John
2638;Gardel,  Carlos
2639;Morricone,  Andrea and Ennio
2640;Shore,  Howard
2641;Friedman,  Jefferson
2642;Graf, Hans
2643;Garland,  Joseph  C.
2644;Newman,  Randy
2645;Sperling, Ted
2646;Prieto, Carlos Miguel
2647;Guettel,  Adam
2648;Franck, Mikko
2649;Willis, Alastair
2650;Puts,  Kevin
2651;Matthews,  Colin
2652;Zacharias, Christian
2653;Hickox, Richard
2654;Sobol,  Dr.  Mordechai
2655;Sobol, Mordechai
2656;Levinson,  Y.  D.
2657;Aizenstadt,  David
2658;Odessaer,  Bulgar
2659;Nowakowsky,  D.
2660;Koussevitzky,  Moshe
2661;Alter,  I
2662;Talmud,  Yaakov
2663;Bogzester,  William
2664;Grigoriu,  George
2665;Nott, Jonathan
2666;Outwater, Edwin
2667;Morlot, Ludovic
2668;Brunelle, Philip
2669;Kallman,  Daniel
2670;Keillor,  Garrison
2671;Davidson,  Randall
2672;Grip,  Eric
2673;McGlaughlin,  William
2674;Robinson,  Kyla
2675;Nunez [Nuñez],  Ivan
2676;Willis,  Annabel
2677;Petronio,  Camilla
2678;Taslima,  Farah
2679;Fleming,  Sarah
2680;Comstock,  Jackson
2681;Wong & Xiao,  Patrick & Vincent
2682;Lane,  Burton
2683;Hendrix,  Jimi
2684;Regan, Jay
2685;"Tovey, Bramwell;  Regan, Jay"
2686;Donaudy,  Stefano
2687;"Sobol, Mordechai;  Lazar, Matthew"
2688;Rosenblatt,  Y.
2689;Kwartin,  Zevulun
2690;Schorr,  Israel
2691;Chutiner,  P.
2692;Stern,  I. & Moshe
2693;Yellen,  Jack
2694;Brody,  Josef
2695;Hely-Hutchinson,  Victor
2696;Dworsky,  Richard
2697;Dworsky and Blaske,  Richard and Lee
2698;Adelson, Michael
2699;Labadie, Bernard
2700;Bicket, Harry
2701;Shand, Terry & Eaton, Jimmy,
2702;Brown,  Nacio  Herb
2703;Newley,  Anthony
2704;Mancini,  Henry
2705;Legrand,  Michel
2706;Charles, Dick and Marks, Larry,
2707;Mickelthwate, Alexander
2708;Salonen,  Esa-Pekka
2709;Bortz [Börtz],  Daniel
2710;Wagner,  Melinda
2711;Fisher, Rob
2712;Gaffigan, James
2713;Bates,  Mason
2714;Aron, Adam
2715;Bock,  Jerry
2716;De Paul,  Gene
2717;Fain,  Sammy
2718;Huang,  Ruo
2719;Bermel,  Derek
2720;Musiker, Lee
2721;Bloom,  Rube
2722;Malneck,  Matty
2723;Caesar,  Irving
2724;Dudamel, Gustavo
2725;Jordan, Philippe
2726;Boreyko, Andrey
2727;Frank,  Gabriela  Lena
2728;Herbert,  Rajon
2729;Pichardo,  Edward
2730;Wegh,  Claire
2731;Mannes,  Nathan
2732;Pagan,  Abraham
2733;Barnard School for Boys Glee Club
2734;Zhang,  Yijun
2735;Fang,  Yue
2736;Lu,  Cindy
2737;Lu,  Yiqing
2738;Zhang,  Yusong
2739;Zhang, Yusong
2740;Reed,  Alfred
2741;Smith, Philip
2742;Christie, Michael
2743;Stucky,  Steven
2744;Hoffman,  Solomon
2745;Oberdier,  Danielle  Kerani
2746;Tokke,  Justin  P.
2747;Hamlisch, Marvin
2748;Schonberg [Schönberg],  Claude-Michel
2749;Schubert - Berio ,  Franz - Luciano
2750;Tovey,  Bramwell
2751;Reineke,  Steven
2752;Richard,  Douglas  A.
2753;Holtan, Timothy J.
2754;Tang, Argie
2755;Currier,  Sebastian
2756;Dubugnon,  Richard
2757;Kaplan, Gilbert
2758;Koopman, Ton
2759;Louiguy,  Louis
2760;Boico, Daniel
2761;"Muti, Riccardo;  Boico, Daniel"
2762;Ramos,  Ben
2763;Turano,  Olivia
2764;Henry,  Aaron
2765;Williams,  Aleaster
2766;Hyland,  Theoren
2767;Arotsky,  Sheridan
2768;Frankle,  George
2769;Quinlan,  Caitlin
2770;Wilson,  Paul
2771;Dorman,  Avner
2772;Schwertsik,  Kurt
2773;Krieger,  Henry
2774;Auerbach,  Lera
2775;Wolcott,  Charles
2776;Butler,  Artie
2777;Charles,  Ray
2778;"Maazel, Lorin;  Bringuier, Lionel"
2779;Gramshammer, Sheika
2780;Corghi,  Azio
2781;Anastasio,  Trey
2782;Anastasio, Trey, and Hart, Don,
2783;Moriwaki,  Yosuke
2784;Watanabe,  Harumi
2785;Tateno,  Keito
2786;Ashimine,  Shuono
2787;Tanabe,  Aline  Sauvegrain
2788;Hiramoto,  Wataru
2789;Okuyama,  Marin
2790;Susaki,  Asuka
2791;Rimmer,  William
2792;Sierra,  Arlene  Elizabeth
2793;Lindberg, Magnus
2794;Liang,  Lei
2795;Dalbavie,  Marc-André
2796;Kampela,  Arthur
2797;Pintscher,  Matthias
2798;Pachelbel,  Johann
2799;Shepherd,  Sean
2800;Muhly,  Nico
2801;Parsons,  Michael
2802;Fiorenzoli,  Stella
2803;D'Ver,  Ethan
2804;Draper,  Isaac
2805;Jimenez,  Noah
2806;Durakovic,  Amina
2807;Nikocevic,  Elmir
2808;Samerson,  Brooke
2809;Bernstein,  Adam
2810;Gruber,  HK
2811;Bass,  Randol  Alan
2812;Yu, Long
2813;Zhao,  Guang
2814;"Boreyko, Andrey;  Yu, Long"
2815;Schulhoff,  Erwin
2816;Meij,  Johan de
2817;Peaslee,  Richard
2818;Kazik,  James
2819;Kosloff, Alan
2820;Mutter, Anne-Sophie
2821;Francis, Michael
2822;Grisey,  Gerard
2823;Theofanidis,  Christopher
2824;Pola
2825;Keene, Jim
2826;de La Monnoye,  Bernard
2827;Ellis,  Kenny
2828;Burt,  Alfred  Shaddick
2829;Barnes,  Edward  Shippen
2830;Jagoda,  Flory
2831;Matheson,  James
2832;Yim,  Jay  Alan
2833;Anderson,  Julian
2834;Widmann,  Jorg [Jörg]
2835;Korzeniowsky,  Julian
2836;Ding,  Qin
2837;Segerstrom,  Eric
2838;Moors,  Daniel
2839;Pino,  Maya
2840;Balbi,  Ashley
2841;Jatta,  Musa, Jr.
2842;Dolby,  Nuha
2843;Galesi,  Julian
2844;LaChiusa,  Michael  John
2845;Schwartz,  Stephen
2846;Sting,
2847;Webb,  Jimmy
2848;Larson,  Jonathan
2849;Gaga,  Lady
2850;Menzel,  Idina
2851;Moore,  Phil
2852;Strouse,  Charles
2853;Nelsons, Andris
2854;"Gilbert, Alan;  Domingo, Placido"
2855;Quiroga,  Manuel
2856;Harding, Daniel
2857;Kim,  Sae-Young
2858;ACT,
2859;Rumshinsky,  Joseph
2860;Gaunt,  Percy
2861;Minkowsky,  Giacomo
2862;Friedsell,  Louis
2863;Perlmutter
2864;Dix,  Brian
2865;Dix, Brian
2866;Bulla,  Stephen
2867;Tansill, Dhuanne
2868;Newman, David
2869;Morricone,  Ennio
2870;"Ortolani,  Riziero ""Riz"""
2871;Modugno,  Domenico
2872;Sager, Carol Bayer,  Foster, David
2873;Sartori,  Francesco
2874;Weilerstein, Joshua
2875;Brock, Timothy
2876;Moravec,  Paul
2877;Glass,  Philip
2878;Riesman, Michael
2879;Scaglione, Case
2880;Schreier, Peter
2881;Lunsqui,  Alexandre
2882;"Gilbert, Alan;  Patalano, Louis"
2883;Bao,  Yuankai
2884;Chen,  Qigang
2885;Zhou,  Chenglong
2886;van Zweden, Jaap
2887;Peterson,  Timothy
2888;Brooks,  Calie
2889;Landau,  Jake
2890;Collings,  Bryce
2891;Poniewozik,  Milo
2892;Valongo,  Elijah
2893;Alexander,  Andre
2894;Sifuentes,  Carol
2895;Garcia,  Jean-Carlos
2896;Jarrell,  Michael
2897;"Gilbert, Alan;  Tritle, Kent;  Weilerstein, Joshua"
2898;"Gilbert, Alan;  Lindberg, Magnus;  Pintscher, Matthias"
2899;"Gilbert, Alan;  Lindberg, Magnus;  Pintscher, Matthias;  Weilerstein, Joshua"
2900;"Oliver,  Melvin ""Sy"""
2901;Kessler,  James C.
2902;Egner,  Phillip
2903;May, Peter
2904;Kurtag [Kurtág],  Georgy [György]
2905;Keillor/Dworsky/Stein,  Garrison/Rich/Andy
2906;Fagin,  Gary
2907;Bliss,  Philip
2908;Shea,  Michael  J.
2909;"Robinson and White,  William ""Smokey"" and Ronald"
2910;Garcia,  Jerry
2911;Mendoza y Cortés,  Quirino
2912;Stein,  Andy
2913;Peace,  A.  L.
2914;Pintscher, Matthias
2915;Valcuha [Valčuha], Juraj
2916;Wedow, Gary Thor
2917;Akiho,  Andy
2918;Ogren, Jayce
2919;Norman,  Andrew
2920;Vaclavik,  Jude
2921;Honeck, Manfred
2922;Ye,  Xiaogang
2923;Zhang,  Qianyi
2924;Sang,  Ruocuo
2925;Ying,  Qing
2926;Suzuki, Masaaki
2927;Schiff, András
2928;Hillborg,  Anders
2929;Robin,  Yann
2930;Chin,  Unsuk
2931;"Gilbert, Alan;  Scaglione, Case"
2932;Espiritusanto,  Ashanti
2933;Hanson,  Graydon
2934;Micic,  Mia
2935;Braun,  Aliyana  Tedi
2936;Irfan,  Tengku  Ahmad
2937;Gulielmetti,  Jack
2938;Fig,  Aaron  Wolff
2939;Stevens,  Cassandra
2940;Sakho,  Hawa
2941;Rissmann,  Paul
2942;Leigh,  Mitch
2943;Velazquez,  Consuelo
2944;Bringuier, Lionel
2945;Megan, Kenneth W.
2946;Hesketh,  Kenneth
2947;Sandidge,  Daniel
2948;Carey,  Mariah
2949;Isham,  Mark
2950;Tilzer,  Albert Von
2951;Schafer, Oscar
2952;Pasek,  Benj
2953;Bacharach,  Burt
2954;Flaherty,  Stephen
2955;Herman, Karen
2956;Kitsopoulos, Constantine
2957;Torch,  Sidney
2958;Manze, Andrew
2959;Hess,  Nigel
2960;Mitchell,  Brian  Stokes
2961;Hague,  Albert
2962;Kent,  Walter
2963;Colella,  Jeff
2964;Bucchino,  John
2965;Norman,  Monty
2966;Igudesman,  Aleksey
2967;Igudesman & Joo,  Aleksey & Huyng-ki
2968;Conti,  Bill
2969;Joo,  Hyung-ki
2970;Perren, Fekaris, and Gaynor,  Freddie, Dino, and Gloria
2971;Arancio,  Julia
2972;Celestin,  Austin
2973;Cohn,  Ethan
2974;Green,  DeAnte
2975;Moske,  Nina
2976;Reno,  Anais
2977;O'Brien,  Jake
2978;Utagawa,  Karin
2979;Iwamoto,  Yuki
2980;Iwamoto,  Hiroaki
2981;Bai,  Chengren
2982;Luo,  Xiuying
2983;Xu,  Peidong
2984;Lei,  Zhenbang
2985;Carpenter,  Mary  Chapin
2986;Mendoza, Vince
2987;Vivier,  Claude
2988;Heras-Casado, Pablo
2989;Ozone,  Makato
2990;Newman,  Thomas
2991;Giacchino,  Michael
2992;Doyle,  Patrick
2993;Jurowski, Vladimir
2994;Goren, Neal
2995;Hosokawa,  Toshio
2996;Fujikura,  Dai
2997;Mantovani,  Bruno
2998;Neuwirth,  Olga
2999;Senk,  Olga
3000;Schwartz,  Jay
3001;Zuraj,  Vito
3002;Wolfe,  Julia
3003;Wachner, Julian
3004;Mackey,  Steven
3005;Darris,  Samantha
3006;Choi,  Elli
3007;Felsenfeld,  Daniel
3008;Carrick,  Richard
3009;Wallace,  David
3010;Holliger,  Heinz
3011;Manoury,  Philippe
3012;Iyer,  Vijay
3013;Panicker, Vasudevan
3014;Detrick,  Zachary
3015;Undercofler, Jenny
3016;Noreen, Sandra
3017;Wigglesworth,  Ryan
3018;Grime,  Helen
3019;Adolphe,  Julia
3020;Dougherty,  William
3021;Grafe,  Max
3022;Jones,  Jesse
3023;Lu,  Wang
3024;McManus,  Andrew
3025;Eotvos [Eötvös],  Peter
3026;Manahan, George
3027;Eotvos [Eötvös],  Melody
3028;Honstein,  Robert
3029;Miller,  Jared
3030;Rotolo,  Kyle
3031;Stafylakis,  Haralabos [ Harry ]
3032;Wang,  A-Mao
3033;Cheung,  Anthony
3034;Green,  Joe
3035;Ray,  Don
3036;Greenwood,  Lee
3037;Elkjer,  Robert
3038;Browning, Doe
3039;"Tovey, Bramwell;  Browning, Doe"
3040;LeFrak,  Karen
3041;Cipriani,  Stelvio
3042;Piovani,  Nicola
3043;Bacalov,  Luis  Enrique
3044;Trovajoli,  Armando
3045;Fusco,  Giovanni
3046;Brock,  Timothy
3047;Lewis, Courtney
3048;Bjarnason,  Daniel [Daníel]
3049;Urbanski, Krzysztof
3050;Di Lorenzo,  Anthony
3051;Mason,  Lowell
3052;Rutter,  John
3053;Tyzik,  Jeff
3054;Mena, Juanjo
3055;Liao,  Shuwen
3056;Haber,  Yotam
3057;Deneve [Denève], Stephane [Stéphane]
3058;Perapaskero,  Sapo
3059;";  Gilbert, Alan"
3060;Yanov-Yanovsky,  Dmitri
3061;Yan,  Hai-Deng
3062;Zhao,  Lin
3063;West,  Benjamin
3064;"Ezekwenna,  Chibuzo ""Chi-chi"""
3065;Kravath,  Lilly
3066;Lubetsky,  Maya
3067;Siguencia,  Marvin
3068;Tom,  Emma
3069;Aho,  Kalevi
3070;Zivkovic,  Djuro
3071;Escaich,  Thierry
3072;Gersen, Joshua
3073;Daugherty, George
3074;Tobias,  Charles
3075;Franklyn,  Milt
3076;Stalling,  Carl  W.
3077;Livingston,  Alan
3078;Lennertz,  Christopher
3079;Malkki [Mälkki], Susanna
3080;Harvey,  Jonathan
3081;Mochizuki,  Misato
3082;Liu,  Tianhua
3083;Wilson, Mikayla
3084;"Gilbert, Alan;  Wilson, Mikayla"
3085;Freer, Justin
3086;Wilkins, Thomas
3087;Glanert,  Detlev
3088;Ridder, Andre [André] de
3089;Macelaru, Cristian
3090;Coleman,  Cy
3091;Van Heusen,  Jimmy
3092;Mercer,  Johnny
3093;Silvers,  Dolores Vicki
3094;Mann,  David
3095;Haggart,  Bob
3096;Mostel,  Raphael
3097;Glover, Jane
3098;Riese,  Mark
3099;Williams,  Pharrell
3100;Simons,  Moises
3101;Rodine,  Saevar
3102;Egan,  Elizabeth
3103;Paunio,  Pyry
3104;Harris,  Gavin
3105;Villegas,  Mondriana
3106;Rankin,  Rimari
3107;Juarez,  Demicis
3108;Gang and He,  Chen and Zhanhao
3109;Einhorn, Andy
3110;Colombier,  Michel
3111;Cohen,  Leonard
3112;Noble,  Ray
3113;Botti,  Chris
3114;Page, Plant, and Bonham,  Jimmy, Robert, and John
3115;Foster,  David
3116;Mitchell,  Willie
3117;Krawczyk,  Franck
3118;Storgards, John
3119;Douma, Jeffrey
3120;Hodge,  Huck
3121;Karchin, Louis
3122;Lara,  Felipe
3123;Huang, Frank
3124;Barry,  Gerald
3125;Fulmer, David
3126;Hartonen,  Aino
3127;Won,  Taehyun
3128;Ng,  Aidan
3129;Negron [Negrón],  Angélica
3130;Andrade,  Angie
3131;Prestini,  Paola
3132;Higdon,  Jennifer
3133;Rountree, Christopher
3134;Lash,  Hannah
3135;Fure,  Ashley
3136;Kotcheff,  Thomas
3137;Weiss, Timothy
3138;Stark,  Christopher
3139;Sainte-Agathe, Valérie
3140;Kihlstedt,  Carla
3141;";  Sainte-Agathe, Valérie"
3142;Bleckmann,  Theo
3143;Shaw,  Caroline
3144;Menaker, Dianne Berkun
3145;Kouyoumdjian,  Mary
3146;Kahane,  Gabriel
3147;Bielawa,  Lisa
3148;Jacobsen, Eric
3149;Jacobsen,  Colin
3150;Andres,  Timo
3151;Alexander,  Lucas
3152;Qian,  Yibing
3153;Baker, Deirdre
3154;"Gilbert, Alan;  Baker, Deirdre"
3155;Gonzalez,  Sebastian
3156;"Deak, Jon;  Konno, Takafumi;  Shimazu, Takehito"
3157;Poole,  Joshua
3158;Okano,  Teiichi
3159;Creamer,  Henry
3160;Buehrer,  Graeme
3161;Araujo,  Benjamin
3162;";  Konno, Takafumi"
3163;Kavakos, Leonidas
3164;Westlake,  Nigel
3165;Westlake, Nigel
3166;Graham,  Peter
3167;Pascuzzi,  Gregory
3168;Gates,  Dorothy
3169;Anonymous,
3170;Guaraldi,  Vince
3171;Leidzen [Leidzén],  Erik
3172;Estrella,  Marisol
3173;Hata,  Yusei
3174;Rabiu,  Isai
3175;Weerakkody,  Suvani
3176;Gontarcyk,  Nikita
3177;Malin and Cordero,  Leslie and Percaiz
3178;Di Castri,  Zosha
3179;Tzu,  Huang
3180;Li,  Qingzhu
3181;Miller, Joseph
3182;Davies,  Tansy
3183;Thorvaldsdottir,  Anna
3184;Wubbels,  Eric
3185;Fulmer,  David
3186;Hrusa [Hrůša], Jakub
3187;Baker, James
3188;Feng,  Shuya
3189;Chester, Kay
3190;"Gilbert, Alan;  Chester, Kay"
3191;Roukens,  Joey
3192;Sorensen [Sørensen],  Bent
3193;Soler,  Padre
3194;Severinsen, Doc
3195;Navarro,  Fernanda  Aoki
3196;Buford,  Che
3197;Pineda,  Michael
3198;Millar,  Jordan
3199;Cowan,  Camryn
3200;Inzeo,  Angelique
3201;Adams,  John  Luther
3202;Khubeev,  Alexander
3203;Kaufman, Richard
3204;Gardner, Edward
3205;Schmidt,  Harvey
3206;Richardson,  Claiborne  Foster
3207;Znaider, Nikolaj
3208;Gutman, Hank
3209;To Be Announced
3210;Greenwood,  Jonny
3211;Brunt, Hugh
3212;Tao,  Conrad
3213;Padding,  Martijn
3214;Lann,  Vanessa
3215;Sokhiev, Tugan
3216;New, Gemma
3217;Haim (Haïm), Emmanuelle
3218;Cohen, Jonathan
3219;Mindeman,  John
3220;Hairston,  Jester
3221;Weerakkody,  Nilomi
3222;Zhang,  Melody
3223;Haas,  Georg  Friedrich
3224;Biloen, Peter
3225;Wong, Kahchun
3226;Liu,  Yuan
3227;Dausgaard, Thomas
3228;Simon,  Kyler
3229;Dineli Chesky,  Paloma
3230;Scocca-Ho,  Mack
3231;Larcher,  Thomas
3232;Roustom,  Kareem
3233;Tao,  Ziyi
3234;Day Lewis,  Cashel
3235;Hawley,  Ilaria  Loisa
3236;Vaccariello, Patrick
3237;Yazbek,  David
3238;Frankel,  Scott
3239;Simon,  Paul
3240;Gardner,  Danielle
3241;Hu,  Tristan
3242;Joel, Alexander
3243;Jarre,  Maurice
3244;McCulloh,  Robert
3245;Lecce-Chong, Francesco
3246;Montgomery,  Jessie
3247;Rodriguez,  Michael
3248;Rouvali, Santtu-Matias
3249;Dessner,  Bryce
3250;Esmail,  Reena
3251;Alonso,  Paloma
3252;May,  Billy
3253;Pearce/Kaiser/Mayfield,
3254;Gemignani, Alexander
3255;Benzecry,  Esteban
3256;Zhou,  Tian
3257;Kim,  Texu
3258;Dean,  Brett
3259;Young,  Nina  C.
3260;Candillari, Daniela
3261;Leon [León],  Tania
3262;Reid,  Ellen
3263;Bjork [Björk],
3264;Langree [Langrée], Louis
3265;Bahl, Ankush Kumar
3266;Munoz [Muñoz], Tito
3267;Williams,  Mary Lou
3268;Candillari,  Daniela
3269;Terracini,  Paul
3270;Simon,  Carlos
3271;Falcon [Falcón],  Leonor
3272;O'Farrill,  Arturo
3273;Gonzalez-Granados [González-Granados], Lina
3274;Rahim-Braden,  Ilana
3275;Fleming, John
3276;Clyne,  Anna
3277;Browne,  Mahogany  L.
3278;Kendall,  Hannah
3279;Guerrero, Giancarlo
3280;Mazzoli,  Missy
3281;Stasevska, Dalia
3282;Lakner,  Larissa
3283;Slobodeniouk, Dima
3284;Chen,  Yi
3285;Sorrell, Jeannette
3286;Wills,  Simon
3287;Snedecor,  Phil
3288;Brebeuf [Brébeuf],  Jean de
